-- MySQL dump 10.16  Distrib 10.1.38-MariaDB, for debian-linux-gnueabihf (armv7l)
--
-- Host: localhost    Database: fcity
-- ------------------------------------------------------
-- Server version	10.1.38-MariaDB-0+deb9u1

/*!40101 SET @OLD_CHARACTER_SET_CLIENT=@@CHARACTER_SET_CLIENT */;
/*!40101 SET @OLD_CHARACTER_SET_RESULTS=@@CHARACTER_SET_RESULTS */;
/*!40101 SET @OLD_COLLATION_CONNECTION=@@COLLATION_CONNECTION */;
/*!40101 SET NAMES utf8mb4 */;
/*!40103 SET @OLD_TIME_ZONE=@@TIME_ZONE */;
/*!40103 SET TIME_ZONE='+00:00' */;
/*!40014 SET @OLD_UNIQUE_CHECKS=@@UNIQUE_CHECKS, UNIQUE_CHECKS=0 */;
/*!40014 SET @OLD_FOREIGN_KEY_CHECKS=@@FOREIGN_KEY_CHECKS, FOREIGN_KEY_CHECKS=0 */;
/*!40101 SET @OLD_SQL_MODE=@@SQL_MODE, SQL_MODE='NO_AUTO_VALUE_ON_ZERO' */;
/*!40111 SET @OLD_SQL_NOTES=@@SQL_NOTES, SQL_NOTES=0 */;

--
-- Table structure for table `data`
--

DROP TABLE IF EXISTS `data`;
/*!40101 SET @saved_cs_client     = @@character_set_client */;
/*!40101 SET character_set_client = utf8 */;
CREATE TABLE `data` (
  `id` int(10) unsigned NOT NULL AUTO_INCREMENT,
  `ride_id` int(10) unsigned NOT NULL,
  `measure_id` int(10) unsigned NOT NULL,
  `value` double NOT NULL,
  `added_on` timestamp(3) NOT NULL DEFAULT CURRENT_TIMESTAMP(3) ON UPDATE CURRENT_TIMESTAMP(3),
  PRIMARY KEY (`id`),
  KEY `data_ride_id_foreign` (`ride_id`),
  KEY `data_measure_id_foreign` (`measure_id`),
  CONSTRAINT `data_measure_id_foreign` FOREIGN KEY (`measure_id`) REFERENCES `measure` (`id`),
  CONSTRAINT `data_ride_id_foreign` FOREIGN KEY (`ride_id`) REFERENCES `ride` (`id`)
) ENGINE=InnoDB AUTO_INCREMENT=2815 DEFAULT CHARSET=utf8;
/*!40101 SET character_set_client = @saved_cs_client */;

--
-- Dumping data for table `data`
--

LOCK TABLES `data` WRITE;
/*!40000 ALTER TABLE `data` DISABLE KEYS */;
INSERT INTO `data` VALUES (1,39,1,29.77,'2019-05-11 17:06:29.650'),(2,39,2,220,'2019-05-11 17:06:29.650'),(3,39,3,2.98,'2019-05-11 17:06:29.650'),(4,39,1,20.65,'2019-05-11 17:06:30.659'),(5,39,2,220,'2019-05-11 17:06:30.659'),(6,39,3,2.06,'2019-05-11 17:06:30.659'),(7,39,1,20.7,'2019-05-11 17:06:31.657'),(8,39,2,220,'2019-05-11 17:06:31.657'),(9,39,3,2.07,'2019-05-11 17:06:31.657'),(10,39,1,22.01,'2019-05-11 17:06:32.665'),(11,39,2,220,'2019-05-11 17:06:32.665'),(12,39,3,2.2,'2019-05-11 17:06:32.665'),(13,39,1,26.19,'2019-05-11 17:06:33.666'),(14,39,2,220,'2019-05-11 17:06:33.666'),(15,39,3,2.62,'2019-05-11 17:06:33.666'),(16,39,1,26.14,'2019-05-11 17:06:34.667'),(17,39,2,220,'2019-05-11 17:06:34.667'),(18,39,3,2.61,'2019-05-11 17:06:34.667'),(19,39,1,31.06,'2019-05-11 17:06:35.665'),(20,39,2,220,'2019-05-11 17:06:35.665'),(21,39,3,3.11,'2019-05-11 17:06:35.665'),(22,39,1,25.81,'2019-05-11 17:06:36.667'),(23,39,2,220,'2019-05-11 17:06:36.667'),(24,39,3,2.58,'2019-05-11 17:06:36.667'),(25,39,1,26.99,'2019-05-11 17:06:37.667'),(26,39,2,220,'2019-05-11 17:06:37.667'),(27,39,3,2.7,'2019-05-11 17:06:37.667'),(28,39,1,25.59,'2019-05-11 17:06:38.669'),(29,39,2,220,'2019-05-11 17:06:38.669'),(30,39,3,2.56,'2019-05-11 17:06:38.669'),(31,39,1,27.25,'2019-05-11 17:06:39.663'),(32,39,2,220,'2019-05-11 17:06:39.663'),(33,39,3,2.73,'2019-05-11 17:06:39.663'),(34,39,1,22.5,'2019-05-11 17:06:40.661'),(35,39,2,220,'2019-05-11 17:06:40.661'),(36,39,3,2.25,'2019-05-11 17:06:40.661'),(37,39,1,22.81,'2019-05-11 17:06:41.664'),(38,39,2,220,'2019-05-11 17:06:41.664'),(39,39,3,2.28,'2019-05-11 17:06:41.664'),(40,39,1,25.83,'2019-05-11 17:06:42.664'),(41,39,2,220,'2019-05-11 17:06:42.664'),(42,39,3,2.58,'2019-05-11 17:06:42.664'),(43,39,1,26.7,'2019-05-11 17:06:43.664'),(44,39,2,220,'2019-05-11 17:06:43.664'),(45,39,3,2.67,'2019-05-11 17:06:43.664'),(46,39,1,33.77,'2019-05-11 17:06:44.663'),(47,39,2,220,'2019-05-11 17:06:44.663'),(48,39,3,3.38,'2019-05-11 17:06:44.663'),(49,39,1,32.07,'2019-05-11 17:06:45.665'),(50,39,2,220,'2019-05-11 17:06:45.665'),(51,39,3,3.21,'2019-05-11 17:06:45.665'),(52,39,1,23.75,'2019-05-11 17:06:46.662'),(53,39,2,220,'2019-05-11 17:06:46.662'),(54,39,3,2.38,'2019-05-11 17:06:46.662'),(55,39,1,30.72,'2019-05-11 17:06:47.667'),(56,39,2,220,'2019-05-11 17:06:47.667'),(57,39,3,3.07,'2019-05-11 17:06:47.667'),(58,39,1,24.9,'2019-05-11 17:06:48.666'),(59,39,2,220,'2019-05-11 17:06:48.666'),(60,39,3,2.49,'2019-05-11 17:06:48.666'),(61,39,1,27.48,'2019-05-11 17:06:49.663'),(62,39,2,220,'2019-05-11 17:06:49.663'),(63,39,3,2.75,'2019-05-11 17:06:49.663'),(64,39,1,32.39,'2019-05-11 17:06:50.661'),(65,39,2,220,'2019-05-11 17:06:50.661'),(66,39,3,3.24,'2019-05-11 17:06:50.661'),(67,39,1,35.03,'2019-05-11 17:06:51.658'),(68,39,2,220,'2019-05-11 17:06:51.658'),(69,39,3,3.5,'2019-05-11 17:06:51.658'),(70,39,1,36,'2019-05-11 17:06:52.662'),(71,39,2,220,'2019-05-11 17:06:52.662'),(72,39,3,3.6,'2019-05-11 17:06:52.662'),(73,39,1,26.88,'2019-05-11 17:06:53.667'),(74,39,2,220,'2019-05-11 17:06:53.667'),(75,39,3,2.69,'2019-05-11 17:06:53.667'),(76,39,1,27.89,'2019-05-11 17:06:54.661'),(77,39,2,220,'2019-05-11 17:06:54.661'),(78,39,3,2.79,'2019-05-11 17:06:54.661'),(79,39,1,31.96,'2019-05-11 17:06:55.662'),(80,39,2,220,'2019-05-11 17:06:55.662'),(81,39,3,3.2,'2019-05-11 17:06:55.662'),(82,39,1,27.84,'2019-05-11 17:06:56.660'),(83,39,2,220,'2019-05-11 17:06:56.660'),(84,39,3,2.78,'2019-05-11 17:06:56.660'),(85,39,1,27.63,'2019-05-11 17:06:57.659'),(86,39,2,220,'2019-05-11 17:06:57.659'),(87,39,3,2.76,'2019-05-11 17:06:57.659'),(88,39,1,31.54,'2019-05-11 17:06:58.665'),(89,39,2,220,'2019-05-11 17:06:58.665'),(90,39,3,3.15,'2019-05-11 17:06:58.665'),(91,39,1,35.85,'2019-05-11 17:06:59.660'),(92,39,2,220,'2019-05-11 17:06:59.660'),(93,39,3,3.58,'2019-05-11 17:06:59.660'),(94,39,1,29.15,'2019-05-11 17:07:00.665'),(95,39,2,220,'2019-05-11 17:07:00.665'),(96,39,3,2.92,'2019-05-11 17:07:00.665'),(97,39,1,32.69,'2019-05-11 17:07:01.670'),(98,39,2,220,'2019-05-11 17:07:01.670'),(99,39,3,3.27,'2019-05-11 17:07:01.670'),(100,39,1,27.75,'2019-05-11 17:07:02.667'),(101,39,2,220,'2019-05-11 17:07:02.667'),(102,39,3,2.77,'2019-05-11 17:07:02.667'),(103,39,1,35.33,'2019-05-11 17:07:03.663'),(104,39,2,220,'2019-05-11 17:07:03.663'),(105,39,3,3.53,'2019-05-11 17:07:03.663'),(106,39,1,36.78,'2019-05-11 17:07:04.663'),(107,39,2,220,'2019-05-11 17:07:04.663'),(108,39,3,3.68,'2019-05-11 17:07:04.663'),(109,39,1,29.05,'2019-05-11 17:07:05.661'),(110,39,2,220,'2019-05-11 17:07:05.661'),(111,39,3,2.91,'2019-05-11 17:07:05.661'),(112,39,1,29.6,'2019-05-11 17:07:06.661'),(113,39,2,220,'2019-05-11 17:07:06.661'),(114,39,3,2.96,'2019-05-11 17:07:06.661'),(115,39,1,36,'2019-05-11 17:07:07.665'),(116,39,2,220,'2019-05-11 17:07:07.665'),(117,39,3,3.6,'2019-05-11 17:07:07.665'),(118,39,1,35.36,'2019-05-11 17:07:08.664'),(119,39,2,220,'2019-05-11 17:07:08.664'),(120,39,3,3.54,'2019-05-11 17:07:08.664'),(121,39,1,33.82,'2019-05-11 17:07:09.663'),(122,39,2,220,'2019-05-11 17:07:09.663'),(123,39,3,3.38,'2019-05-11 17:07:09.663'),(124,39,1,37.87,'2019-05-11 17:07:10.663'),(125,39,2,220,'2019-05-11 17:07:10.663'),(126,39,3,3.79,'2019-05-11 17:07:10.663'),(127,39,1,39.4,'2019-05-11 17:07:11.663'),(128,39,2,220,'2019-05-11 17:07:11.663'),(129,39,3,3.94,'2019-05-11 17:07:11.663'),(130,39,1,30.68,'2019-05-11 17:07:12.661'),(131,39,2,220,'2019-05-11 17:07:12.661'),(132,39,3,3.07,'2019-05-11 17:07:12.661'),(133,39,1,37.14,'2019-05-11 17:07:13.662'),(134,39,2,220,'2019-05-11 17:07:13.662'),(135,39,3,3.71,'2019-05-11 17:07:13.662'),(136,39,1,42.06,'2019-05-11 17:07:14.677'),(137,39,2,220,'2019-05-11 17:07:14.677'),(138,39,3,4.21,'2019-05-11 17:07:14.677'),(139,39,1,35.3,'2019-05-11 17:07:15.671'),(140,39,2,220,'2019-05-11 17:07:15.671'),(141,39,3,3.53,'2019-05-11 17:07:15.671'),(142,39,1,29.4,'2019-05-11 17:07:16.669'),(143,39,2,220,'2019-05-11 17:07:16.669'),(144,39,3,2.94,'2019-05-11 17:07:16.669'),(145,39,1,32.33,'2019-05-11 17:07:17.666'),(146,39,2,220,'2019-05-11 17:07:17.666'),(147,39,3,3.23,'2019-05-11 17:07:17.666'),(148,39,1,31.98,'2019-05-11 17:07:18.663'),(149,39,2,220,'2019-05-11 17:07:18.663'),(150,39,3,3.2,'2019-05-11 17:07:18.663'),(151,39,1,30.98,'2019-05-11 17:07:19.664'),(152,39,2,220,'2019-05-11 17:07:19.664'),(153,39,3,3.1,'2019-05-11 17:07:19.664'),(154,39,1,37.25,'2019-05-11 17:07:20.661'),(155,39,2,220,'2019-05-11 17:07:20.661'),(156,39,3,3.73,'2019-05-11 17:07:20.661'),(157,39,1,43.77,'2019-05-11 17:07:21.660'),(158,39,2,220,'2019-05-11 17:07:21.660'),(159,39,3,4.38,'2019-05-11 17:07:21.660'),(160,39,1,32.72,'2019-05-11 17:07:22.660'),(161,39,2,220,'2019-05-11 17:07:22.660'),(162,39,3,3.27,'2019-05-11 17:07:22.660'),(163,39,1,31.83,'2019-05-11 17:07:23.657'),(164,39,2,220,'2019-05-11 17:07:23.657'),(165,39,3,3.18,'2019-05-11 17:07:23.657'),(166,39,1,37.42,'2019-05-11 17:07:24.663'),(167,39,2,220,'2019-05-11 17:07:24.663'),(168,39,3,3.74,'2019-05-11 17:07:24.663'),(169,39,1,41.23,'2019-05-11 17:07:25.673'),(170,39,2,220,'2019-05-11 17:07:25.673'),(171,39,3,4.12,'2019-05-11 17:07:25.673'),(172,39,1,43.46,'2019-05-11 17:07:26.675'),(173,39,2,220,'2019-05-11 17:07:26.675'),(174,39,3,4.35,'2019-05-11 17:07:26.675'),(175,39,1,35.84,'2019-05-11 17:07:27.676'),(176,39,2,220,'2019-05-11 17:07:27.676'),(177,39,3,3.58,'2019-05-11 17:07:27.676'),(178,39,1,43.18,'2019-05-11 17:07:28.667'),(179,39,2,220,'2019-05-11 17:07:28.667'),(180,39,3,4.32,'2019-05-11 17:07:28.667'),(181,39,1,34.08,'2019-05-11 17:07:29.667'),(182,39,2,220,'2019-05-11 17:07:29.667'),(183,39,3,3.41,'2019-05-11 17:07:29.667'),(184,39,1,39.38,'2019-05-11 17:07:30.661'),(185,39,2,220,'2019-05-11 17:07:30.661'),(186,39,3,3.94,'2019-05-11 17:07:30.661'),(187,39,1,33.06,'2019-05-11 17:07:31.663'),(188,39,2,220,'2019-05-11 17:07:31.663'),(189,39,3,3.31,'2019-05-11 17:07:31.663'),(190,39,1,44.51,'2019-05-11 17:07:32.661'),(191,39,2,220,'2019-05-11 17:07:32.661'),(192,39,3,4.45,'2019-05-11 17:07:32.661'),(193,39,1,48.11,'2019-05-11 17:07:33.661'),(194,39,2,220,'2019-05-11 17:07:33.661'),(195,39,3,4.81,'2019-05-11 17:07:33.661'),(196,39,1,32.28,'2019-05-11 17:07:34.663'),(197,39,2,220,'2019-05-11 17:07:34.663'),(198,39,3,3.23,'2019-05-11 17:07:34.663'),(199,39,1,35.19,'2019-05-11 17:07:35.665'),(200,39,2,220,'2019-05-11 17:07:35.665'),(201,39,3,3.52,'2019-05-11 17:07:35.665'),(202,39,1,40.12,'2019-05-11 17:07:36.675'),(203,39,2,220,'2019-05-11 17:07:36.675'),(204,39,3,4.01,'2019-05-11 17:07:36.675'),(205,39,1,36.32,'2019-05-11 17:07:37.669'),(206,39,2,220,'2019-05-11 17:07:37.669'),(207,39,3,3.63,'2019-05-11 17:07:37.669'),(208,39,1,42.78,'2019-05-11 17:07:38.669'),(209,39,2,220,'2019-05-11 17:07:38.669'),(210,39,3,4.28,'2019-05-11 17:07:38.669'),(211,39,1,34.57,'2019-05-11 17:07:39.663'),(212,39,2,220,'2019-05-11 17:07:39.663'),(213,39,3,3.46,'2019-05-11 17:07:39.663'),(214,39,1,45.71,'2019-05-11 17:07:40.665'),(215,39,2,220,'2019-05-11 17:07:40.665'),(216,39,3,4.57,'2019-05-11 17:07:40.665'),(217,39,1,44.83,'2019-05-11 17:07:41.667'),(218,39,2,220,'2019-05-11 17:07:41.667'),(219,39,3,4.48,'2019-05-11 17:07:41.667'),(220,39,1,39.71,'2019-05-11 17:07:42.663'),(221,39,2,220,'2019-05-11 17:07:42.663'),(222,39,3,3.97,'2019-05-11 17:07:42.663'),(223,39,1,45.02,'2019-05-11 17:07:43.671'),(224,39,2,220,'2019-05-11 17:07:43.671'),(225,39,3,4.5,'2019-05-11 17:07:43.671'),(226,39,1,47.35,'2019-05-11 17:07:44.667'),(227,39,2,220,'2019-05-11 17:07:44.667'),(228,39,3,4.74,'2019-05-11 17:07:44.667'),(229,39,1,39.42,'2019-05-11 17:07:45.671'),(230,39,2,220,'2019-05-11 17:07:45.671'),(231,39,3,3.94,'2019-05-11 17:07:45.671'),(232,39,1,39.27,'2019-05-11 17:07:46.665'),(233,39,2,220,'2019-05-11 17:07:46.665'),(234,39,3,3.93,'2019-05-11 17:07:46.665'),(235,39,1,50.49,'2019-05-11 17:07:47.674'),(236,39,2,220,'2019-05-11 17:07:47.674'),(237,39,3,5.05,'2019-05-11 17:07:47.674'),(238,39,1,42.69,'2019-05-11 17:07:48.676'),(239,39,2,220,'2019-05-11 17:07:48.676'),(240,39,3,4.27,'2019-05-11 17:07:48.676'),(241,39,1,35.34,'2019-05-11 17:07:49.675'),(242,39,2,220,'2019-05-11 17:07:49.675'),(243,39,3,3.53,'2019-05-11 17:07:49.675'),(244,39,1,35.67,'2019-05-11 17:07:50.675'),(245,39,2,220,'2019-05-11 17:07:50.675'),(246,39,3,3.57,'2019-05-11 17:07:50.675'),(247,39,1,39.26,'2019-05-11 17:07:51.671'),(248,39,2,220,'2019-05-11 17:07:51.671'),(249,39,3,3.93,'2019-05-11 17:07:51.671'),(250,39,1,39.28,'2019-05-11 17:07:52.676'),(251,39,2,220,'2019-05-11 17:07:52.676'),(252,39,3,3.93,'2019-05-11 17:07:52.676'),(253,39,1,47.81,'2019-05-11 17:07:53.671'),(254,39,2,220,'2019-05-11 17:07:53.671'),(255,39,3,4.78,'2019-05-11 17:07:53.671'),(256,39,1,36.83,'2019-05-11 17:07:54.672'),(257,39,2,220,'2019-05-11 17:07:54.672'),(258,39,3,3.68,'2019-05-11 17:07:54.672'),(259,39,1,40.31,'2019-05-11 17:07:55.673'),(260,39,2,220,'2019-05-11 17:07:55.673'),(261,39,3,4.03,'2019-05-11 17:07:55.673'),(262,39,1,50.62,'2019-05-11 17:07:56.671'),(263,39,2,220,'2019-05-11 17:07:56.671'),(264,39,3,5.06,'2019-05-11 17:07:56.671'),(265,39,1,48.59,'2019-05-11 17:07:57.672'),(266,39,2,220,'2019-05-11 17:07:57.672'),(267,39,3,4.86,'2019-05-11 17:07:57.672'),(268,39,1,41.08,'2019-05-11 17:07:58.671'),(269,39,2,220,'2019-05-11 17:07:58.671'),(270,39,3,4.11,'2019-05-11 17:07:58.671'),(271,39,1,44.55,'2019-05-11 17:07:59.677'),(272,39,2,220,'2019-05-11 17:07:59.677'),(273,39,3,4.46,'2019-05-11 17:07:59.677'),(274,39,1,37.72,'2019-05-11 17:08:00.676'),(275,39,2,220,'2019-05-11 17:08:00.676'),(276,39,3,3.77,'2019-05-11 17:08:00.676'),(277,39,1,43.77,'2019-05-11 17:08:01.684'),(278,39,2,220,'2019-05-11 17:08:01.684'),(279,39,3,4.38,'2019-05-11 17:08:01.684'),(280,39,1,51.84,'2019-05-11 17:08:02.684'),(281,39,2,220,'2019-05-11 17:08:02.684'),(282,39,3,5.18,'2019-05-11 17:08:02.684'),(283,39,1,51.17,'2019-05-11 17:08:03.689'),(284,39,2,220,'2019-05-11 17:08:03.689'),(285,39,3,5.12,'2019-05-11 17:08:03.689'),(286,39,1,42.34,'2019-05-11 17:08:04.691'),(287,39,2,220,'2019-05-11 17:08:04.691'),(288,39,3,4.23,'2019-05-11 17:08:04.691'),(289,39,1,39.1,'2019-05-11 17:08:05.691'),(290,39,2,220,'2019-05-11 17:08:05.691'),(291,39,3,3.91,'2019-05-11 17:08:05.691'),(292,39,1,50.74,'2019-05-11 17:08:06.690'),(293,39,2,220,'2019-05-11 17:08:06.690'),(294,39,3,5.07,'2019-05-11 17:08:06.690'),(295,39,1,48.9,'2019-05-11 17:08:07.689'),(296,39,2,220,'2019-05-11 17:08:07.689'),(297,39,3,4.89,'2019-05-11 17:08:07.689'),(298,39,1,51.94,'2019-05-11 17:08:08.695'),(299,39,2,220,'2019-05-11 17:08:08.695'),(300,39,3,5.19,'2019-05-11 17:08:08.695'),(301,39,1,48.19,'2019-05-11 17:08:09.697'),(302,39,2,220,'2019-05-11 17:08:09.697'),(303,39,3,4.82,'2019-05-11 17:08:09.697'),(304,39,1,54.94,'2019-05-11 17:08:10.699'),(305,39,2,220,'2019-05-11 17:08:10.699'),(306,39,3,5.49,'2019-05-11 17:08:10.699'),(307,39,1,37.85,'2019-05-11 17:08:11.701'),(308,39,2,220,'2019-05-11 17:08:11.701'),(309,39,3,3.79,'2019-05-11 17:08:11.701'),(310,39,1,45.62,'2019-05-11 17:08:12.701'),(311,39,2,220,'2019-05-11 17:08:12.701'),(312,39,3,4.56,'2019-05-11 17:08:12.701'),(313,39,1,41.27,'2019-05-11 17:08:13.699'),(314,39,2,220,'2019-05-11 17:08:13.699'),(315,39,3,4.13,'2019-05-11 17:08:13.699'),(316,39,1,50.66,'2019-05-11 17:08:14.707'),(317,39,2,220,'2019-05-11 17:08:14.707'),(318,39,3,5.07,'2019-05-11 17:08:14.707'),(319,39,1,45.51,'2019-05-11 17:08:15.707'),(320,39,2,220,'2019-05-11 17:08:15.707'),(321,39,3,4.55,'2019-05-11 17:08:15.707'),(322,39,1,44.3,'2019-05-11 17:08:16.704'),(323,39,2,220,'2019-05-11 17:08:16.704'),(324,39,3,4.43,'2019-05-11 17:08:16.704'),(325,39,1,49.4,'2019-05-11 17:08:17.704'),(326,39,2,220,'2019-05-11 17:08:17.704'),(327,39,3,4.94,'2019-05-11 17:08:17.704'),(328,39,1,53.68,'2019-05-11 17:08:18.703'),(329,39,2,220,'2019-05-11 17:08:18.703'),(330,39,3,5.37,'2019-05-11 17:08:18.703'),(331,39,1,49.5,'2019-05-11 17:08:19.704'),(332,39,2,220,'2019-05-11 17:08:19.704'),(333,39,3,4.95,'2019-05-11 17:08:19.704'),(334,39,1,47.14,'2019-05-11 17:08:20.706'),(335,39,2,220,'2019-05-11 17:08:20.706'),(336,39,3,4.71,'2019-05-11 17:08:20.706'),(337,39,1,46.07,'2019-05-11 17:08:21.702'),(338,39,2,220,'2019-05-11 17:08:21.702'),(339,39,3,4.61,'2019-05-11 17:08:21.702'),(340,39,1,45.2,'2019-05-11 17:08:22.702'),(341,39,2,220,'2019-05-11 17:08:22.702'),(342,39,3,4.52,'2019-05-11 17:08:22.702'),(343,39,1,48.51,'2019-05-11 17:08:23.707'),(344,39,2,220,'2019-05-11 17:08:23.707'),(345,39,3,4.85,'2019-05-11 17:08:23.707'),(346,39,1,42.91,'2019-05-11 17:08:24.699'),(347,39,2,220,'2019-05-11 17:08:24.699'),(348,39,3,4.29,'2019-05-11 17:08:24.699'),(349,39,1,52.15,'2019-05-11 17:08:25.697'),(350,39,2,220,'2019-05-11 17:08:25.697'),(351,39,3,5.21,'2019-05-11 17:08:25.697'),(352,39,1,52.63,'2019-05-11 17:08:26.703'),(353,39,2,220,'2019-05-11 17:08:26.703'),(354,39,3,5.26,'2019-05-11 17:08:26.703'),(355,39,1,45.93,'2019-05-11 17:08:27.699'),(356,39,2,220,'2019-05-11 17:08:27.699'),(357,39,3,4.59,'2019-05-11 17:08:27.699'),(358,39,1,39.9,'2019-05-11 17:08:28.702'),(359,39,2,220,'2019-05-11 17:08:28.702'),(360,39,3,3.99,'2019-05-11 17:08:28.702'),(361,39,1,45.68,'2019-05-11 17:08:29.700'),(362,39,2,220,'2019-05-11 17:08:29.700'),(363,39,3,4.57,'2019-05-11 17:08:29.700'),(364,39,1,43.51,'2019-05-11 17:08:30.701'),(365,39,2,220,'2019-05-11 17:08:30.701'),(366,39,3,4.35,'2019-05-11 17:08:30.701'),(367,39,1,44.52,'2019-05-11 17:08:31.701'),(368,39,2,220,'2019-05-11 17:08:31.701'),(369,39,3,4.45,'2019-05-11 17:08:31.701'),(370,39,1,44.48,'2019-05-11 17:08:32.703'),(371,39,2,220,'2019-05-11 17:08:32.703'),(372,39,3,4.45,'2019-05-11 17:08:32.703'),(373,39,1,40.71,'2019-05-11 17:08:33.702'),(374,39,2,220,'2019-05-11 17:08:33.702'),(375,39,3,4.07,'2019-05-11 17:08:33.702'),(376,39,1,58.03,'2019-05-11 17:08:34.704'),(377,39,2,220,'2019-05-11 17:08:34.704'),(378,39,3,5.8,'2019-05-11 17:08:34.704'),(379,39,1,42.68,'2019-05-11 17:08:35.707'),(380,39,2,220,'2019-05-11 17:08:35.707'),(381,39,3,4.27,'2019-05-11 17:08:35.707'),(382,39,1,58.35,'2019-05-11 17:08:36.706'),(383,39,2,220,'2019-05-11 17:08:36.706'),(384,39,3,5.83,'2019-05-11 17:08:36.706'),(385,39,1,41.44,'2019-05-11 17:08:37.708'),(386,39,2,220,'2019-05-11 17:08:37.708'),(387,39,3,4.14,'2019-05-11 17:08:37.708'),(388,39,1,51.49,'2019-05-11 17:08:38.707'),(389,39,2,220,'2019-05-11 17:08:38.707'),(390,39,3,5.15,'2019-05-11 17:08:38.707'),(391,39,1,55.64,'2019-05-11 17:08:39.709'),(392,39,2,220,'2019-05-11 17:08:39.709'),(393,39,3,5.56,'2019-05-11 17:08:39.709'),(394,39,1,57.7,'2019-05-11 17:08:40.707'),(395,39,2,220,'2019-05-11 17:08:40.707'),(396,39,3,5.77,'2019-05-11 17:08:40.707'),(397,39,1,57.54,'2019-05-11 17:08:41.707'),(398,39,2,220,'2019-05-11 17:08:41.707'),(399,39,3,5.75,'2019-05-11 17:08:41.707'),(400,39,1,56.46,'2019-05-11 17:08:42.715'),(401,39,2,220,'2019-05-11 17:08:42.715'),(402,39,3,5.65,'2019-05-11 17:08:42.715'),(403,39,1,51.75,'2019-05-11 17:08:43.715'),(404,39,2,220,'2019-05-11 17:08:43.715'),(405,39,3,5.17,'2019-05-11 17:08:43.715'),(406,39,1,42.67,'2019-05-11 17:08:44.717'),(407,39,2,220,'2019-05-11 17:08:44.717'),(408,39,3,4.27,'2019-05-11 17:08:44.717'),(409,39,1,39.98,'2019-05-11 17:08:45.718'),(410,39,2,220,'2019-05-11 17:08:45.718'),(411,39,3,4,'2019-05-11 17:08:45.718'),(412,39,1,44.6,'2019-05-11 17:08:46.721'),(413,39,2,220,'2019-05-11 17:08:46.721'),(414,39,3,4.46,'2019-05-11 17:08:46.721'),(415,39,1,53.91,'2019-05-11 17:08:47.725'),(416,39,2,220,'2019-05-11 17:08:47.725'),(417,39,3,5.39,'2019-05-11 17:08:47.725'),(418,39,1,55.7,'2019-05-11 17:08:48.725'),(419,39,2,220,'2019-05-11 17:08:48.725'),(420,39,3,5.57,'2019-05-11 17:08:48.725'),(421,39,1,41.28,'2019-05-11 17:08:49.729'),(422,39,2,220,'2019-05-11 17:08:49.729'),(423,39,3,4.13,'2019-05-11 17:08:49.729'),(424,39,1,44.66,'2019-05-11 17:08:50.728'),(425,39,2,220,'2019-05-11 17:08:50.728'),(426,39,3,4.47,'2019-05-11 17:08:50.728'),(427,39,1,52.65,'2019-05-11 17:08:51.731'),(428,39,2,220,'2019-05-11 17:08:51.731'),(429,39,3,5.26,'2019-05-11 17:08:51.731'),(430,39,1,45.1,'2019-05-11 17:08:52.730'),(431,39,2,220,'2019-05-11 17:08:52.730'),(432,39,3,4.51,'2019-05-11 17:08:52.730'),(433,39,1,59.5,'2019-05-11 17:08:53.733'),(434,39,2,220,'2019-05-11 17:08:53.733'),(435,39,3,5.95,'2019-05-11 17:08:53.733'),(436,39,1,55.71,'2019-05-11 17:08:54.733'),(437,39,2,220,'2019-05-11 17:08:54.733'),(438,39,3,5.57,'2019-05-11 17:08:54.733'),(439,39,1,47.2,'2019-05-11 17:08:55.737'),(440,39,2,220,'2019-05-11 17:08:55.737'),(441,39,3,4.72,'2019-05-11 17:08:55.737'),(442,39,1,51.32,'2019-05-11 17:08:56.737'),(443,39,2,220,'2019-05-11 17:08:56.737'),(444,39,3,5.13,'2019-05-11 17:08:56.737'),(445,39,1,41.32,'2019-05-11 17:08:57.736'),(446,39,2,220,'2019-05-11 17:08:57.736'),(447,39,3,4.13,'2019-05-11 17:08:57.736'),(448,39,1,45.47,'2019-05-11 17:08:58.735'),(449,39,2,220,'2019-05-11 17:08:58.735'),(450,39,3,4.55,'2019-05-11 17:08:58.735'),(451,39,1,45.96,'2019-05-11 17:08:59.735'),(452,39,2,220,'2019-05-11 17:08:59.735'),(453,39,3,4.6,'2019-05-11 17:08:59.735'),(454,39,1,55.08,'2019-05-11 17:09:00.741'),(455,39,2,220,'2019-05-11 17:09:00.741'),(456,39,3,5.51,'2019-05-11 17:09:00.741'),(457,39,1,53.86,'2019-05-11 17:09:01.737'),(458,39,2,220,'2019-05-11 17:09:01.737'),(459,39,3,5.39,'2019-05-11 17:09:01.737'),(460,39,1,44.16,'2019-05-11 17:09:02.739'),(461,39,2,220,'2019-05-11 17:09:02.739'),(462,39,3,4.42,'2019-05-11 17:09:02.739'),(463,39,1,51.08,'2019-05-11 17:09:03.737'),(464,39,2,220,'2019-05-11 17:09:03.737'),(465,39,3,5.11,'2019-05-11 17:09:03.737'),(466,39,1,40.52,'2019-05-11 17:09:04.735'),(467,39,2,220,'2019-05-11 17:09:04.735'),(468,39,3,4.05,'2019-05-11 17:09:04.735'),(469,39,1,50.37,'2019-05-11 17:09:05.736'),(470,39,2,220,'2019-05-11 17:09:05.736'),(471,39,3,5.04,'2019-05-11 17:09:05.736'),(472,39,1,52.33,'2019-05-11 17:09:06.741'),(473,39,2,220,'2019-05-11 17:09:06.741'),(474,39,3,5.23,'2019-05-11 17:09:06.741'),(475,39,1,51.65,'2019-05-11 17:09:07.741'),(476,39,2,220,'2019-05-11 17:09:07.741'),(477,39,3,5.17,'2019-05-11 17:09:07.741'),(478,39,1,54.53,'2019-05-11 17:09:08.735'),(479,39,2,220,'2019-05-11 17:09:08.735'),(480,39,3,5.45,'2019-05-11 17:09:08.735'),(481,39,1,44.95,'2019-05-11 17:09:09.734'),(482,39,2,220,'2019-05-11 17:09:09.734'),(483,39,3,4.5,'2019-05-11 17:09:09.734'),(484,39,1,53.63,'2019-05-11 17:09:10.737'),(485,39,2,220,'2019-05-11 17:09:10.737'),(486,39,3,5.36,'2019-05-11 17:09:10.737'),(487,39,1,56.28,'2019-05-11 17:09:11.740'),(488,39,2,220,'2019-05-11 17:09:11.740'),(489,39,3,5.63,'2019-05-11 17:09:11.740'),(490,39,1,51.32,'2019-05-11 17:09:12.739'),(491,39,2,220,'2019-05-11 17:09:12.739'),(492,39,3,5.13,'2019-05-11 17:09:12.739'),(493,39,1,47.49,'2019-05-11 17:09:13.750'),(494,39,2,220,'2019-05-11 17:09:13.750'),(495,39,3,4.75,'2019-05-11 17:09:13.750'),(496,39,1,49.51,'2019-05-11 17:09:14.751'),(497,39,2,220,'2019-05-11 17:09:14.751'),(498,39,3,4.95,'2019-05-11 17:09:14.751'),(499,39,1,51.54,'2019-05-11 17:09:15.753'),(500,39,2,220,'2019-05-11 17:09:15.753'),(501,39,3,5.15,'2019-05-11 17:09:15.753'),(502,39,1,44.18,'2019-05-11 17:09:16.757'),(503,39,2,220,'2019-05-11 17:09:16.757'),(504,39,3,4.42,'2019-05-11 17:09:16.757'),(505,39,1,46.5,'2019-05-11 17:09:17.759'),(506,39,2,220,'2019-05-11 17:09:17.759'),(507,39,3,4.65,'2019-05-11 17:09:17.759'),(508,39,1,47.44,'2019-05-11 17:09:18.758'),(509,39,2,220,'2019-05-11 17:09:18.758'),(510,39,3,4.74,'2019-05-11 17:09:18.758'),(511,39,1,42.33,'2019-05-11 17:09:19.760'),(512,39,2,220,'2019-05-11 17:09:19.760'),(513,39,3,4.23,'2019-05-11 17:09:19.760'),(514,39,1,43.97,'2019-05-11 17:09:20.758'),(515,39,2,220,'2019-05-11 17:09:20.758'),(516,39,3,4.4,'2019-05-11 17:09:20.758'),(517,39,1,57.89,'2019-05-11 17:09:21.755'),(518,39,2,220,'2019-05-11 17:09:21.755'),(519,39,3,5.79,'2019-05-11 17:09:21.755'),(520,39,1,50.12,'2019-05-11 17:09:22.755'),(521,39,2,220,'2019-05-11 17:09:22.755'),(522,39,3,5.01,'2019-05-11 17:09:22.755'),(523,39,1,52.63,'2019-05-11 17:09:23.758'),(524,39,2,220,'2019-05-11 17:09:23.758'),(525,39,3,5.26,'2019-05-11 17:09:23.758'),(526,39,1,43.39,'2019-05-11 17:09:24.761'),(527,39,2,220,'2019-05-11 17:09:24.761'),(528,39,3,4.34,'2019-05-11 17:09:24.761'),(529,39,1,41.24,'2019-05-11 17:09:25.763'),(530,39,2,220,'2019-05-11 17:09:25.763'),(531,39,3,4.12,'2019-05-11 17:09:25.763'),(532,39,1,45.73,'2019-05-11 17:09:26.766'),(533,39,2,220,'2019-05-11 17:09:26.766'),(534,39,3,4.57,'2019-05-11 17:09:26.766'),(535,39,1,53.96,'2019-05-11 17:09:27.768'),(536,39,2,220,'2019-05-11 17:09:27.768'),(537,39,3,5.4,'2019-05-11 17:09:27.768'),(538,39,1,39.76,'2019-05-11 17:09:28.776'),(539,39,2,220,'2019-05-11 17:09:28.776'),(540,39,3,3.98,'2019-05-11 17:09:28.776'),(541,39,1,44.82,'2019-05-11 17:09:29.777'),(542,39,2,220,'2019-05-11 17:09:29.777'),(543,39,3,4.48,'2019-05-11 17:09:29.777'),(544,39,1,54.43,'2019-05-11 17:09:30.778'),(545,39,2,220,'2019-05-11 17:09:30.778'),(546,39,3,5.44,'2019-05-11 17:09:30.778'),(547,39,1,45.09,'2019-05-11 17:09:31.778'),(548,39,2,220,'2019-05-11 17:09:31.778'),(549,39,3,4.51,'2019-05-11 17:09:31.778'),(550,39,1,52.59,'2019-05-11 17:09:32.778'),(551,39,2,220,'2019-05-11 17:09:32.778'),(552,39,3,5.26,'2019-05-11 17:09:32.778'),(553,39,1,56.13,'2019-05-11 17:09:33.792'),(554,39,2,220,'2019-05-11 17:09:33.792'),(555,39,3,5.61,'2019-05-11 17:09:33.792'),(556,39,1,57.46,'2019-05-11 17:09:34.782'),(557,39,2,220,'2019-05-11 17:09:34.782'),(558,39,3,5.75,'2019-05-11 17:09:34.782'),(559,39,1,42.42,'2019-05-11 17:09:35.782'),(560,39,2,220,'2019-05-11 17:09:35.782'),(561,39,3,4.24,'2019-05-11 17:09:35.782'),(562,39,1,57.65,'2019-05-11 17:09:36.786'),(563,39,2,220,'2019-05-11 17:09:36.786'),(564,39,3,5.76,'2019-05-11 17:09:36.786'),(565,39,1,48.8,'2019-05-11 17:09:37.787'),(566,39,2,220,'2019-05-11 17:09:37.787'),(567,39,3,4.88,'2019-05-11 17:09:37.787'),(568,39,1,39.23,'2019-05-11 17:09:38.788'),(569,39,2,220,'2019-05-11 17:09:38.788'),(570,39,3,3.92,'2019-05-11 17:09:38.788'),(571,39,1,52.19,'2019-05-11 17:09:39.795'),(572,39,2,220,'2019-05-11 17:09:39.795'),(573,39,3,5.22,'2019-05-11 17:09:39.795'),(574,39,1,56.59,'2019-05-11 17:09:40.789'),(575,39,2,220,'2019-05-11 17:09:40.789'),(576,39,3,5.66,'2019-05-11 17:09:40.789'),(577,39,1,39.64,'2019-05-11 17:09:41.784'),(578,39,2,220,'2019-05-11 17:09:41.784'),(579,39,3,3.96,'2019-05-11 17:09:41.784'),(580,39,1,50.69,'2019-05-11 17:09:42.785'),(581,39,2,220,'2019-05-11 17:09:42.785'),(582,39,3,5.07,'2019-05-11 17:09:42.785'),(583,39,1,40.44,'2019-05-11 17:09:43.783'),(584,39,2,220,'2019-05-11 17:09:43.783'),(585,39,3,4.04,'2019-05-11 17:09:43.783'),(586,39,1,45.78,'2019-05-11 17:09:44.779'),(587,39,2,220,'2019-05-11 17:09:44.779'),(588,39,3,4.58,'2019-05-11 17:09:44.779'),(589,39,1,42.56,'2019-05-11 17:09:45.778'),(590,39,2,220,'2019-05-11 17:09:45.778'),(591,39,3,4.26,'2019-05-11 17:09:45.778'),(592,39,1,51.6,'2019-05-11 17:09:46.785'),(593,39,2,220,'2019-05-11 17:09:46.785'),(594,39,3,5.16,'2019-05-11 17:09:46.785'),(595,39,1,45.88,'2019-05-11 17:09:47.818'),(596,39,2,220,'2019-05-11 17:09:47.818'),(597,39,3,4.59,'2019-05-11 17:09:47.818'),(598,39,1,49.49,'2019-05-11 17:09:48.787'),(599,39,2,220,'2019-05-11 17:09:48.787'),(600,39,3,4.95,'2019-05-11 17:09:48.787'),(601,39,1,55.58,'2019-05-11 17:09:49.783'),(602,39,2,220,'2019-05-11 17:09:49.783'),(603,39,3,5.56,'2019-05-11 17:09:49.783'),(604,39,1,56.85,'2019-05-11 17:09:50.789'),(605,39,2,220,'2019-05-11 17:09:50.789'),(606,39,3,5.69,'2019-05-11 17:09:50.789'),(607,39,1,45.72,'2019-05-11 17:09:51.801'),(608,39,2,220,'2019-05-11 17:09:51.801'),(609,39,3,4.57,'2019-05-11 17:09:51.801'),(610,39,1,54.87,'2019-05-11 17:09:52.793'),(611,39,2,220,'2019-05-11 17:09:52.793'),(612,39,3,5.49,'2019-05-11 17:09:52.793'),(613,39,1,41.92,'2019-05-11 17:09:53.797'),(614,39,2,220,'2019-05-11 17:09:53.797'),(615,39,3,4.19,'2019-05-11 17:09:53.797'),(616,39,1,43.5,'2019-05-11 17:09:54.805'),(617,39,2,220,'2019-05-11 17:09:54.805'),(618,39,3,4.35,'2019-05-11 17:09:54.805'),(619,39,1,43.63,'2019-05-11 17:09:55.805'),(620,39,2,220,'2019-05-11 17:09:55.805'),(621,39,3,4.36,'2019-05-11 17:09:55.805'),(622,39,1,38.39,'2019-05-11 17:09:56.801'),(623,39,2,220,'2019-05-11 17:09:56.801'),(624,39,3,3.84,'2019-05-11 17:09:56.801'),(625,39,1,39.15,'2019-05-11 17:09:57.805'),(626,39,2,220,'2019-05-11 17:09:57.805'),(627,39,3,3.92,'2019-05-11 17:09:57.805'),(628,39,1,52.16,'2019-05-11 17:09:58.823'),(629,39,2,220,'2019-05-11 17:09:58.823'),(630,39,3,5.22,'2019-05-11 17:09:58.823'),(631,39,1,47.21,'2019-05-11 17:09:59.816'),(632,39,2,220,'2019-05-11 17:09:59.816'),(633,39,3,4.72,'2019-05-11 17:09:59.816'),(634,39,1,52.17,'2019-05-11 17:10:00.823'),(635,39,2,220,'2019-05-11 17:10:00.823'),(636,39,3,5.22,'2019-05-11 17:10:00.823'),(637,39,1,53.75,'2019-05-11 17:10:01.822'),(638,39,2,220,'2019-05-11 17:10:01.822'),(639,39,3,5.38,'2019-05-11 17:10:01.822'),(640,39,1,46.15,'2019-05-11 17:10:02.821'),(641,39,2,220,'2019-05-11 17:10:02.821'),(642,39,3,4.62,'2019-05-11 17:10:02.821'),(643,39,1,52.49,'2019-05-11 17:10:03.820'),(644,39,2,220,'2019-05-11 17:10:03.820'),(645,39,3,5.25,'2019-05-11 17:10:03.820'),(646,39,1,46.76,'2019-05-11 17:10:04.825'),(647,39,2,220,'2019-05-11 17:10:04.825'),(648,39,3,4.68,'2019-05-11 17:10:04.825'),(649,39,1,51.62,'2019-05-11 17:10:05.830'),(650,39,2,220,'2019-05-11 17:10:05.830'),(651,39,3,5.16,'2019-05-11 17:10:05.830'),(652,39,1,50.46,'2019-05-11 17:10:06.834'),(653,39,2,220,'2019-05-11 17:10:06.834'),(654,39,3,5.05,'2019-05-11 17:10:06.834'),(655,39,1,49.01,'2019-05-11 17:10:07.835'),(656,39,2,220,'2019-05-11 17:10:07.835'),(657,39,3,4.9,'2019-05-11 17:10:07.835'),(658,39,1,43.42,'2019-05-11 17:10:08.845'),(659,39,2,220,'2019-05-11 17:10:08.845'),(660,39,3,4.34,'2019-05-11 17:10:08.845'),(661,39,1,49.37,'2019-05-11 17:10:09.845'),(662,39,2,220,'2019-05-11 17:10:09.845'),(663,39,3,4.94,'2019-05-11 17:10:09.845'),(664,39,1,50.28,'2019-05-11 17:10:10.847'),(665,39,2,220,'2019-05-11 17:10:10.847'),(666,39,3,5.03,'2019-05-11 17:10:10.847'),(667,39,1,50.63,'2019-05-11 17:10:11.849'),(668,39,2,220,'2019-05-11 17:10:11.849'),(669,39,3,5.06,'2019-05-11 17:10:11.849'),(670,39,1,37.22,'2019-05-11 17:10:12.850'),(671,39,2,220,'2019-05-11 17:10:12.850'),(672,39,3,3.72,'2019-05-11 17:10:12.850'),(673,39,1,43.83,'2019-05-11 17:10:13.853'),(674,39,2,220,'2019-05-11 17:10:13.853'),(675,39,3,4.38,'2019-05-11 17:10:13.853'),(676,39,1,38.06,'2019-05-11 17:10:14.859'),(677,39,2,220,'2019-05-11 17:10:14.859'),(678,39,3,3.81,'2019-05-11 17:10:14.859'),(679,39,1,38.43,'2019-05-11 17:10:15.862'),(680,39,2,220,'2019-05-11 17:10:15.862'),(681,39,3,3.84,'2019-05-11 17:10:15.862'),(682,39,1,41.02,'2019-05-11 17:10:16.860'),(683,39,2,220,'2019-05-11 17:10:16.860'),(684,39,3,4.1,'2019-05-11 17:10:16.860'),(685,39,1,35.74,'2019-05-11 17:10:17.867'),(686,39,2,220,'2019-05-11 17:10:17.867'),(687,39,3,3.57,'2019-05-11 17:10:17.867'),(688,39,1,41.04,'2019-05-11 17:10:18.867'),(689,39,2,220,'2019-05-11 17:10:18.867'),(690,39,3,4.1,'2019-05-11 17:10:18.867'),(691,39,1,41.68,'2019-05-11 17:10:19.871'),(692,39,2,220,'2019-05-11 17:10:19.871'),(693,39,3,4.17,'2019-05-11 17:10:19.871'),(694,39,1,38.04,'2019-05-11 17:10:20.873'),(695,39,2,220,'2019-05-11 17:10:20.873'),(696,39,3,3.8,'2019-05-11 17:10:20.873'),(697,39,1,45.46,'2019-05-11 17:10:21.875'),(698,39,2,220,'2019-05-11 17:10:21.875'),(699,39,3,4.55,'2019-05-11 17:10:21.875'),(700,39,1,42.2,'2019-05-11 17:10:22.877'),(701,39,2,220,'2019-05-11 17:10:22.877'),(702,39,3,4.22,'2019-05-11 17:10:22.877'),(703,39,1,47.92,'2019-05-11 17:10:23.879'),(704,39,2,220,'2019-05-11 17:10:23.879'),(705,39,3,4.79,'2019-05-11 17:10:23.879'),(706,39,1,49.74,'2019-05-11 17:10:24.884'),(707,39,2,220,'2019-05-11 17:10:24.884'),(708,39,3,4.97,'2019-05-11 17:10:24.884'),(709,39,1,47.92,'2019-05-11 17:10:25.884'),(710,39,2,220,'2019-05-11 17:10:25.884'),(711,39,3,4.79,'2019-05-11 17:10:25.884'),(712,39,1,47.59,'2019-05-11 17:10:26.889'),(713,39,2,220,'2019-05-11 17:10:26.889'),(714,39,3,4.76,'2019-05-11 17:10:26.889'),(715,39,1,42.88,'2019-05-11 17:10:27.899'),(716,39,2,220,'2019-05-11 17:10:27.899'),(717,39,3,4.29,'2019-05-11 17:10:27.899'),(718,39,1,38.68,'2019-05-11 17:10:28.899'),(719,39,2,220,'2019-05-11 17:10:28.899'),(720,39,3,3.87,'2019-05-11 17:10:28.899'),(721,39,1,46.63,'2019-05-11 17:10:29.903'),(722,39,2,220,'2019-05-11 17:10:29.903'),(723,39,3,4.66,'2019-05-11 17:10:29.903'),(724,39,1,36.96,'2019-05-11 17:10:30.907'),(725,39,2,220,'2019-05-11 17:10:30.907'),(726,39,3,3.7,'2019-05-11 17:10:30.907'),(727,39,1,49.26,'2019-05-11 17:10:31.910'),(728,39,2,220,'2019-05-11 17:10:31.910'),(729,39,3,4.93,'2019-05-11 17:10:31.910'),(730,39,1,40.95,'2019-05-11 17:10:32.917'),(731,39,2,220,'2019-05-11 17:10:32.917'),(732,39,3,4.1,'2019-05-11 17:10:32.917'),(733,39,1,38.34,'2019-05-11 17:10:33.915'),(734,39,2,220,'2019-05-11 17:10:33.915'),(735,39,3,3.83,'2019-05-11 17:10:33.915'),(736,39,1,37.95,'2019-05-11 17:10:34.922'),(737,39,2,220,'2019-05-11 17:10:34.922'),(738,39,3,3.8,'2019-05-11 17:10:34.922'),(739,39,1,48.04,'2019-05-11 17:10:35.921'),(740,39,2,220,'2019-05-11 17:10:35.921'),(741,39,3,4.8,'2019-05-11 17:10:35.921'),(742,39,1,40.38,'2019-05-11 17:10:36.927'),(743,39,2,220,'2019-05-11 17:10:36.927'),(744,39,3,4.04,'2019-05-11 17:10:36.927'),(745,39,1,39.62,'2019-05-11 17:10:37.926'),(746,39,2,220,'2019-05-11 17:10:37.926'),(747,39,3,3.96,'2019-05-11 17:10:37.926'),(748,39,1,44.96,'2019-05-11 17:10:38.930'),(749,39,2,220,'2019-05-11 17:10:38.930'),(750,39,3,4.5,'2019-05-11 17:10:38.930'),(751,39,1,37.89,'2019-05-11 17:10:39.921'),(752,39,2,220,'2019-05-11 17:10:39.921'),(753,39,3,3.79,'2019-05-11 17:10:39.921'),(754,39,1,40.23,'2019-05-11 17:10:40.915'),(755,39,2,220,'2019-05-11 17:10:40.915'),(756,39,3,4.02,'2019-05-11 17:10:40.915'),(757,39,1,41.47,'2019-05-11 17:10:41.917'),(758,39,2,220,'2019-05-11 17:10:41.917'),(759,39,3,4.15,'2019-05-11 17:10:41.917'),(760,39,1,45.79,'2019-05-11 17:10:42.917'),(761,39,2,220,'2019-05-11 17:10:42.917'),(762,39,3,4.58,'2019-05-11 17:10:42.917'),(763,39,1,33.34,'2019-05-11 17:10:43.919'),(764,39,2,220,'2019-05-11 17:10:43.919'),(765,39,3,3.33,'2019-05-11 17:10:43.919'),(766,39,1,41.16,'2019-05-11 17:10:44.917'),(767,39,2,220,'2019-05-11 17:10:44.917'),(768,39,3,4.12,'2019-05-11 17:10:44.917'),(769,39,1,38.74,'2019-05-11 17:10:45.919'),(770,39,2,220,'2019-05-11 17:10:45.919'),(771,39,3,3.87,'2019-05-11 17:10:45.919'),(772,39,1,42.56,'2019-05-11 17:10:46.914'),(773,39,2,220,'2019-05-11 17:10:46.914'),(774,39,3,4.26,'2019-05-11 17:10:46.914'),(775,39,1,45.04,'2019-05-11 17:10:47.913'),(776,39,2,220,'2019-05-11 17:10:47.913'),(777,39,3,4.5,'2019-05-11 17:10:47.913'),(778,39,1,43.37,'2019-05-11 17:10:48.919'),(779,39,2,220,'2019-05-11 17:10:48.919'),(780,39,3,4.34,'2019-05-11 17:10:48.919'),(781,39,1,38.13,'2019-05-11 17:10:49.920'),(782,39,2,220,'2019-05-11 17:10:49.920'),(783,39,3,3.81,'2019-05-11 17:10:49.920'),(784,39,1,35.28,'2019-05-11 17:10:50.929'),(785,39,2,220,'2019-05-11 17:10:50.929'),(786,39,3,3.53,'2019-05-11 17:10:50.929'),(787,39,1,32.5,'2019-05-11 17:10:51.930'),(788,39,2,220,'2019-05-11 17:10:51.930'),(789,39,3,3.25,'2019-05-11 17:10:51.930'),(790,39,1,39.25,'2019-05-11 17:10:52.933'),(791,39,2,220,'2019-05-11 17:10:52.933'),(792,39,3,3.92,'2019-05-11 17:10:52.933'),(793,39,1,31.18,'2019-05-11 17:10:53.937'),(794,39,2,220,'2019-05-11 17:10:53.937'),(795,39,3,3.12,'2019-05-11 17:10:53.937'),(796,39,1,31.12,'2019-05-11 17:10:54.940'),(797,39,2,220,'2019-05-11 17:10:54.940'),(798,39,3,3.11,'2019-05-11 17:10:54.940'),(799,39,1,42.59,'2019-05-11 17:10:55.941'),(800,39,2,220,'2019-05-11 17:10:55.941'),(801,39,3,4.26,'2019-05-11 17:10:55.941'),(802,39,1,32.2,'2019-05-11 17:10:56.945'),(803,39,2,220,'2019-05-11 17:10:56.945'),(804,39,3,3.22,'2019-05-11 17:10:56.945'),(805,39,1,40.53,'2019-05-11 17:10:57.947'),(806,39,2,220,'2019-05-11 17:10:57.947'),(807,39,3,4.05,'2019-05-11 17:10:57.947'),(808,39,1,30.83,'2019-05-11 17:10:58.951'),(809,39,2,220,'2019-05-11 17:10:58.951'),(810,39,3,3.08,'2019-05-11 17:10:58.951'),(811,39,1,40.64,'2019-05-11 17:10:59.949'),(812,39,2,220,'2019-05-11 17:10:59.949'),(813,39,3,4.06,'2019-05-11 17:10:59.949'),(814,39,1,37.74,'2019-05-11 17:11:00.949'),(815,39,2,220,'2019-05-11 17:11:00.949'),(816,39,3,3.77,'2019-05-11 17:11:00.949'),(817,39,1,29.04,'2019-05-11 17:11:01.949'),(818,39,2,220,'2019-05-11 17:11:01.949'),(819,39,3,2.9,'2019-05-11 17:11:01.949'),(820,39,1,41.35,'2019-05-11 17:11:02.953'),(821,39,2,220,'2019-05-11 17:11:02.953'),(822,39,3,4.13,'2019-05-11 17:11:02.953'),(823,39,1,28.79,'2019-05-11 17:11:03.957'),(824,39,2,220,'2019-05-11 17:11:03.957'),(825,39,3,2.88,'2019-05-11 17:11:03.957'),(826,39,1,36.47,'2019-05-11 17:11:04.961'),(827,39,2,220,'2019-05-11 17:11:04.961'),(828,39,3,3.65,'2019-05-11 17:11:04.961'),(829,39,1,38.6,'2019-05-11 17:11:05.964'),(830,39,2,220,'2019-05-11 17:11:05.964'),(831,39,3,3.86,'2019-05-11 17:11:05.964'),(832,39,1,37.64,'2019-05-11 17:11:06.963'),(833,39,2,220,'2019-05-11 17:11:06.963'),(834,39,3,3.76,'2019-05-11 17:11:06.963'),(835,39,1,31.61,'2019-05-11 17:11:07.972'),(836,39,2,220,'2019-05-11 17:11:07.972'),(837,39,3,3.16,'2019-05-11 17:11:07.972'),(838,39,1,27.73,'2019-05-11 17:11:08.967'),(839,39,2,220,'2019-05-11 17:11:08.967'),(840,39,3,2.77,'2019-05-11 17:11:08.967'),(841,39,1,33.8,'2019-05-11 17:11:09.968'),(842,39,2,220,'2019-05-11 17:11:09.968'),(843,39,3,3.38,'2019-05-11 17:11:09.968'),(844,39,1,38.7,'2019-05-11 17:11:10.977'),(845,39,2,220,'2019-05-11 17:11:10.977'),(846,39,3,3.87,'2019-05-11 17:11:10.977'),(847,39,1,30.2,'2019-05-11 17:11:11.969'),(848,39,2,220,'2019-05-11 17:11:11.969'),(849,39,3,3.02,'2019-05-11 17:11:11.969'),(850,39,1,31.07,'2019-05-11 17:11:12.972'),(851,39,2,220,'2019-05-11 17:11:12.972'),(852,39,3,3.11,'2019-05-11 17:11:12.972'),(853,39,1,36.12,'2019-05-11 17:11:13.978'),(854,39,2,220,'2019-05-11 17:11:13.978'),(855,39,3,3.61,'2019-05-11 17:11:13.978'),(856,39,1,38.08,'2019-05-11 17:11:14.984'),(857,39,2,220,'2019-05-11 17:11:14.984'),(858,39,3,3.81,'2019-05-11 17:11:14.984'),(859,39,1,35.6,'2019-05-11 17:11:15.991'),(860,39,2,220,'2019-05-11 17:11:15.991'),(861,39,3,3.56,'2019-05-11 17:11:15.991'),(862,39,1,27.81,'2019-05-11 17:11:17.002'),(863,39,2,220,'2019-05-11 17:11:17.002'),(864,39,3,2.78,'2019-05-11 17:11:17.002'),(865,39,1,28.01,'2019-05-11 17:11:17.982'),(866,39,2,220,'2019-05-11 17:11:17.982'),(867,39,3,2.8,'2019-05-11 17:11:17.982'),(868,39,1,30.44,'2019-05-11 17:11:18.980'),(869,39,2,220,'2019-05-11 17:11:18.980'),(870,39,3,3.04,'2019-05-11 17:11:18.980'),(871,39,1,24.99,'2019-05-11 17:11:19.984'),(872,39,2,220,'2019-05-11 17:11:19.984'),(873,39,3,2.5,'2019-05-11 17:11:19.984'),(874,39,1,28.31,'2019-05-11 17:11:20.991'),(875,39,2,220,'2019-05-11 17:11:20.991'),(876,39,3,2.83,'2019-05-11 17:11:20.991'),(877,39,1,30.55,'2019-05-11 17:11:21.995'),(878,39,2,220,'2019-05-11 17:11:21.995'),(879,39,3,3.06,'2019-05-11 17:11:21.995'),(880,39,1,24.7,'2019-05-11 17:11:23.000'),(881,39,2,220,'2019-05-11 17:11:23.000'),(882,39,3,2.47,'2019-05-11 17:11:23.000'),(883,39,1,28.74,'2019-05-11 17:11:24.007'),(884,39,2,220,'2019-05-11 17:11:24.007'),(885,39,3,2.87,'2019-05-11 17:11:24.007'),(886,39,1,29.11,'2019-05-11 17:11:24.999'),(887,39,2,220,'2019-05-11 17:11:24.999'),(888,39,3,2.91,'2019-05-11 17:11:24.999'),(889,39,1,29.31,'2019-05-11 17:11:26.003'),(890,39,2,220,'2019-05-11 17:11:26.003'),(891,39,3,2.93,'2019-05-11 17:11:26.003'),(892,39,1,32.25,'2019-05-11 17:11:27.007'),(893,39,2,220,'2019-05-11 17:11:27.007'),(894,39,3,3.23,'2019-05-11 17:11:27.007'),(895,39,1,31.43,'2019-05-11 17:11:28.009'),(896,39,2,220,'2019-05-11 17:11:28.009'),(897,39,3,3.14,'2019-05-11 17:11:28.009'),(898,39,1,31.63,'2019-05-11 17:11:29.011'),(899,39,2,220,'2019-05-11 17:11:29.011'),(900,39,3,3.16,'2019-05-11 17:11:29.011'),(901,39,1,27.51,'2019-05-11 17:11:30.019'),(902,39,2,220,'2019-05-11 17:11:30.019'),(903,39,3,2.75,'2019-05-11 17:11:30.019'),(904,39,1,24.86,'2019-05-11 17:11:31.025'),(905,39,2,220,'2019-05-11 17:11:31.025'),(906,39,3,2.49,'2019-05-11 17:11:31.025'),(907,39,1,29.66,'2019-05-11 17:11:32.019'),(908,39,2,220,'2019-05-11 17:11:32.019'),(909,39,3,2.97,'2019-05-11 17:11:32.019'),(910,39,1,31.24,'2019-05-11 17:11:33.025'),(911,39,2,220,'2019-05-11 17:11:33.025'),(912,39,3,3.12,'2019-05-11 17:11:33.025'),(913,39,1,30.12,'2019-05-11 17:11:34.027'),(914,39,2,220,'2019-05-11 17:11:34.027'),(915,39,3,3.01,'2019-05-11 17:11:34.027'),(916,39,1,28.81,'2019-05-11 17:11:35.021'),(917,39,2,220,'2019-05-11 17:11:35.021'),(918,39,3,2.88,'2019-05-11 17:11:35.021'),(919,39,1,30.31,'2019-05-11 17:11:36.027'),(920,39,2,220,'2019-05-11 17:11:36.027'),(921,39,3,3.03,'2019-05-11 17:11:36.027'),(922,39,1,24.13,'2019-05-11 17:11:37.033'),(923,39,2,220,'2019-05-11 17:11:37.033'),(924,39,3,2.41,'2019-05-11 17:11:37.033'),(925,39,1,25.04,'2019-05-11 17:11:38.038'),(926,39,2,220,'2019-05-11 17:11:38.038'),(927,39,3,2.5,'2019-05-11 17:11:38.038'),(928,39,1,25.95,'2019-05-11 17:11:39.041'),(929,39,2,220,'2019-05-11 17:11:39.041'),(930,39,3,2.59,'2019-05-11 17:11:39.041'),(931,39,1,27.57,'2019-05-11 17:11:40.045'),(932,39,2,220,'2019-05-11 17:11:40.045'),(933,39,3,2.76,'2019-05-11 17:11:40.045'),(934,39,1,24.75,'2019-05-11 17:11:41.050'),(935,39,2,220,'2019-05-11 17:11:41.050'),(936,39,3,2.48,'2019-05-11 17:11:41.050'),(937,39,1,23.22,'2019-05-11 17:11:42.047'),(938,39,2,220,'2019-05-11 17:11:42.047'),(939,39,3,2.32,'2019-05-11 17:11:42.047'),(940,39,1,28.07,'2019-05-11 17:11:43.051'),(941,39,2,220,'2019-05-11 17:11:43.051'),(942,39,3,2.81,'2019-05-11 17:11:43.051'),(943,39,1,25.17,'2019-05-11 17:11:44.057'),(944,39,2,220,'2019-05-11 17:11:44.057'),(945,39,3,2.52,'2019-05-11 17:11:44.057'),(946,39,1,28.87,'2019-05-11 17:11:45.057'),(947,39,2,220,'2019-05-11 17:11:45.057'),(948,39,3,2.89,'2019-05-11 17:11:45.057'),(949,39,1,26.89,'2019-05-11 17:11:46.054'),(950,39,2,220,'2019-05-11 17:11:46.054'),(951,39,3,2.69,'2019-05-11 17:11:46.054'),(952,39,1,26.53,'2019-05-11 17:11:47.053'),(953,39,2,220,'2019-05-11 17:11:47.053'),(954,39,3,2.65,'2019-05-11 17:11:47.053'),(955,39,1,27.3,'2019-05-11 17:11:48.062'),(956,39,2,220,'2019-05-11 17:11:48.062'),(957,39,3,2.73,'2019-05-11 17:11:48.062'),(958,39,1,26.79,'2019-05-11 17:11:49.059'),(959,39,2,220,'2019-05-11 17:11:49.059'),(960,39,3,2.68,'2019-05-11 17:11:49.059'),(961,39,1,22.85,'2019-05-11 17:11:50.060'),(962,39,2,220,'2019-05-11 17:11:50.060'),(963,39,3,2.29,'2019-05-11 17:11:50.060'),(964,39,1,27.45,'2019-05-11 17:11:51.064'),(965,39,2,220,'2019-05-11 17:11:51.064'),(966,39,3,2.75,'2019-05-11 17:11:51.064'),(967,39,1,26.99,'2019-05-11 17:11:52.070'),(968,39,2,220,'2019-05-11 17:11:52.070'),(969,39,3,2.7,'2019-05-11 17:11:52.070'),(970,39,1,27.01,'2019-05-11 17:11:53.073'),(971,39,2,220,'2019-05-11 17:11:53.073'),(972,39,3,2.7,'2019-05-11 17:11:53.073'),(973,39,1,20.88,'2019-05-11 17:11:54.079'),(974,39,2,220,'2019-05-11 17:11:54.079'),(975,39,3,2.09,'2019-05-11 17:11:54.079'),(976,39,1,17.97,'2019-05-11 17:11:55.069'),(977,39,2,220,'2019-05-11 17:11:55.069'),(978,39,3,1.8,'2019-05-11 17:11:55.069'),(979,39,1,24.8,'2019-05-11 17:11:56.070'),(980,39,2,220,'2019-05-11 17:11:56.070'),(981,39,3,2.48,'2019-05-11 17:11:56.070'),(982,39,1,24.08,'2019-05-11 17:11:57.077'),(983,39,2,220,'2019-05-11 17:11:57.077'),(984,39,3,2.41,'2019-05-11 17:11:57.077'),(985,39,1,18.14,'2019-05-11 17:11:58.069'),(986,39,2,220,'2019-05-11 17:11:58.069'),(987,39,3,1.81,'2019-05-11 17:11:58.069'),(988,39,1,23.34,'2019-05-11 17:11:59.073'),(989,39,2,220,'2019-05-11 17:11:59.073'),(990,39,3,2.33,'2019-05-11 17:11:59.073'),(991,39,1,19.08,'2019-05-11 17:12:00.079'),(992,39,2,220,'2019-05-11 17:12:00.079'),(993,39,3,1.91,'2019-05-11 17:12:00.079'),(994,39,1,17.02,'2019-05-11 17:12:01.081'),(995,39,2,220,'2019-05-11 17:12:01.081'),(996,39,3,1.7,'2019-05-11 17:12:01.081'),(997,39,1,22.9,'2019-05-11 17:12:02.085'),(998,39,2,220,'2019-05-11 17:12:02.085'),(999,39,3,2.29,'2019-05-11 17:12:02.085'),(1000,39,1,19.12,'2019-05-11 17:12:03.083'),(1001,39,2,220,'2019-05-11 17:12:03.083'),(1002,39,3,1.91,'2019-05-11 17:12:03.083'),(1003,39,1,22.73,'2019-05-11 17:12:04.078'),(1004,39,2,220,'2019-05-11 17:12:04.078'),(1005,39,3,2.27,'2019-05-11 17:12:04.078'),(1006,39,1,17.61,'2019-05-11 17:12:05.075'),(1007,39,2,220,'2019-05-11 17:12:05.075'),(1008,39,3,1.76,'2019-05-11 17:12:05.075'),(1009,39,1,18.38,'2019-05-11 17:12:06.081'),(1010,39,2,220,'2019-05-11 17:12:06.081'),(1011,39,3,1.84,'2019-05-11 17:12:06.081'),(1012,39,1,17.71,'2019-05-11 17:12:07.075'),(1013,39,2,220,'2019-05-11 17:12:07.075'),(1014,39,3,1.77,'2019-05-11 17:12:07.075'),(1015,39,1,16.74,'2019-05-11 17:12:08.074'),(1016,39,2,220,'2019-05-11 17:12:08.074'),(1017,39,3,1.67,'2019-05-11 17:12:08.074'),(1018,39,1,19.05,'2019-05-11 17:12:09.077'),(1019,39,2,220,'2019-05-11 17:12:09.077'),(1020,39,3,1.91,'2019-05-11 17:12:09.077'),(1021,39,1,21.32,'2019-05-11 17:12:10.083'),(1022,39,2,220,'2019-05-11 17:12:10.083'),(1023,39,3,2.13,'2019-05-11 17:12:10.083'),(1024,39,1,21.13,'2019-05-11 17:12:11.081'),(1025,39,2,220,'2019-05-11 17:12:11.081'),(1026,39,3,2.11,'2019-05-11 17:12:11.081'),(1027,39,1,17.41,'2019-05-11 17:12:12.077'),(1028,39,2,220,'2019-05-11 17:12:12.077'),(1029,39,3,1.74,'2019-05-11 17:12:12.077'),(1030,39,1,16.24,'2019-05-11 17:12:13.079'),(1031,39,2,220,'2019-05-11 17:12:13.079'),(1032,39,3,1.62,'2019-05-11 17:12:13.079'),(1033,39,1,17.53,'2019-05-11 17:12:14.079'),(1034,39,2,220,'2019-05-11 17:12:14.079'),(1035,39,3,1.75,'2019-05-11 17:12:14.079'),(1036,39,1,14.85,'2019-05-11 17:12:15.083'),(1037,39,2,220,'2019-05-11 17:12:15.083'),(1038,39,3,1.48,'2019-05-11 17:12:15.083'),(1039,39,1,13.65,'2019-05-11 17:12:16.081'),(1040,39,2,220,'2019-05-11 17:12:16.081'),(1041,39,3,1.36,'2019-05-11 17:12:16.081'),(1042,39,1,14.79,'2019-05-11 17:12:17.085'),(1043,39,2,220,'2019-05-11 17:12:17.085'),(1044,39,3,1.48,'2019-05-11 17:12:17.085'),(1045,39,1,14.58,'2019-05-11 17:12:18.085'),(1046,39,2,220,'2019-05-11 17:12:18.085'),(1047,39,3,1.46,'2019-05-11 17:12:18.085'),(1048,39,1,15.5,'2019-05-11 17:12:19.083'),(1049,39,2,220,'2019-05-11 17:12:19.083'),(1050,39,3,1.55,'2019-05-11 17:12:19.083'),(1051,39,1,14.16,'2019-05-11 17:12:20.087'),(1052,39,2,220,'2019-05-11 17:12:20.087'),(1053,39,3,1.42,'2019-05-11 17:12:20.087'),(1054,39,1,13.75,'2019-05-11 17:12:21.081'),(1055,39,2,220,'2019-05-11 17:12:21.081'),(1056,39,3,1.38,'2019-05-11 17:12:21.081'),(1057,39,1,13.99,'2019-05-11 17:12:22.085'),(1058,39,2,220,'2019-05-11 17:12:22.085'),(1059,39,3,1.4,'2019-05-11 17:12:22.085'),(1060,39,1,12.56,'2019-05-11 17:12:23.093'),(1061,39,2,220,'2019-05-11 17:12:23.093'),(1062,39,3,1.26,'2019-05-11 17:12:23.093'),(1063,39,1,15.5,'2019-05-11 17:12:24.089'),(1064,39,2,220,'2019-05-11 17:12:24.089'),(1065,39,3,1.55,'2019-05-11 17:12:24.089'),(1066,39,1,13.79,'2019-05-11 17:12:25.095'),(1067,39,2,220,'2019-05-11 17:12:25.095'),(1068,39,3,1.38,'2019-05-11 17:12:25.095'),(1069,39,1,13.51,'2019-05-11 17:12:26.095'),(1070,39,2,220,'2019-05-11 17:12:26.095'),(1071,39,3,1.35,'2019-05-11 17:12:26.095'),(1072,39,1,16.11,'2019-05-11 17:12:27.101'),(1073,39,2,220,'2019-05-11 17:12:27.101'),(1074,39,3,1.61,'2019-05-11 17:12:27.101'),(1075,39,1,14.38,'2019-05-11 17:12:28.099'),(1076,39,2,220,'2019-05-11 17:12:28.099'),(1077,39,3,1.44,'2019-05-11 17:12:28.099'),(1078,39,1,14.42,'2019-05-11 17:12:29.103'),(1079,39,2,220,'2019-05-11 17:12:29.103'),(1080,39,3,1.44,'2019-05-11 17:12:29.103'),(1081,39,1,15.66,'2019-05-11 17:12:30.100'),(1082,39,2,220,'2019-05-11 17:12:30.100'),(1083,39,3,1.57,'2019-05-11 17:12:30.100'),(1084,39,1,13.7,'2019-05-11 17:12:31.105'),(1085,39,2,220,'2019-05-11 17:12:31.105'),(1086,39,3,1.37,'2019-05-11 17:12:31.105'),(1087,39,1,12.43,'2019-05-11 17:12:32.101'),(1088,39,2,220,'2019-05-11 17:12:32.101'),(1089,39,3,1.24,'2019-05-11 17:12:32.101'),(1090,39,1,14.4,'2019-05-11 17:12:33.108'),(1091,39,2,220,'2019-05-11 17:12:33.108'),(1092,39,3,1.44,'2019-05-11 17:12:33.108'),(1093,39,1,10.7,'2019-05-11 17:12:34.109'),(1094,39,2,220,'2019-05-11 17:12:34.109'),(1095,39,3,1.07,'2019-05-11 17:12:34.109'),(1096,39,1,15.06,'2019-05-11 17:12:35.110'),(1097,39,2,220,'2019-05-11 17:12:35.110'),(1098,39,3,1.51,'2019-05-11 17:12:35.110'),(1099,39,1,11.7,'2019-05-11 17:12:36.107'),(1100,39,2,220,'2019-05-11 17:12:36.107'),(1101,39,3,1.17,'2019-05-11 17:12:36.107'),(1102,39,1,11.73,'2019-05-11 17:12:37.106'),(1103,39,2,220,'2019-05-11 17:12:37.106'),(1104,39,3,1.17,'2019-05-11 17:12:37.106'),(1105,39,1,12.59,'2019-05-11 17:12:38.113'),(1106,39,2,220,'2019-05-11 17:12:38.113'),(1107,39,3,1.26,'2019-05-11 17:12:38.113'),(1108,39,1,14.02,'2019-05-11 17:12:39.120'),(1109,39,2,220,'2019-05-11 17:12:39.120'),(1110,39,3,1.4,'2019-05-11 17:12:39.120'),(1111,39,1,12.68,'2019-05-11 17:12:40.115'),(1112,39,2,220,'2019-05-11 17:12:40.115'),(1113,39,3,1.27,'2019-05-11 17:12:40.115'),(1114,39,1,11.64,'2019-05-11 17:12:41.109'),(1115,39,2,220,'2019-05-11 17:12:41.109'),(1116,39,3,1.16,'2019-05-11 17:12:41.109'),(1117,39,1,10.77,'2019-05-11 17:12:42.117'),(1118,39,2,220,'2019-05-11 17:12:42.117'),(1119,39,3,1.08,'2019-05-11 17:12:42.117'),(1120,39,1,11.9,'2019-05-11 17:12:43.122'),(1121,39,2,220,'2019-05-11 17:12:43.122'),(1122,39,3,1.19,'2019-05-11 17:12:43.122'),(1123,39,1,12,'2019-05-11 17:12:44.119'),(1124,39,2,220,'2019-05-11 17:12:44.119'),(1125,39,3,1.2,'2019-05-11 17:12:44.119'),(1126,39,1,9.4,'2019-05-11 17:12:45.121'),(1127,39,2,220,'2019-05-11 17:12:45.121'),(1128,39,3,0.94,'2019-05-11 17:12:45.121'),(1129,39,1,9.23,'2019-05-11 17:12:46.120'),(1130,39,2,220,'2019-05-11 17:12:46.120'),(1131,39,3,0.92,'2019-05-11 17:12:46.120'),(1132,39,1,10.13,'2019-05-11 17:12:47.127'),(1133,39,2,220,'2019-05-11 17:12:47.127'),(1134,39,3,1.01,'2019-05-11 17:12:47.127'),(1135,39,1,10.49,'2019-05-11 17:12:48.127'),(1136,39,2,220,'2019-05-11 17:12:48.127'),(1137,39,3,1.05,'2019-05-11 17:12:48.127'),(1138,39,1,9.81,'2019-05-11 17:12:49.117'),(1139,39,2,220,'2019-05-11 17:12:49.117'),(1140,39,3,0.98,'2019-05-11 17:12:49.117'),(1141,39,1,8.78,'2019-05-11 17:12:50.121'),(1142,39,2,220,'2019-05-11 17:12:50.121'),(1143,39,3,0.88,'2019-05-11 17:12:50.121'),(1144,39,1,8.6,'2019-05-11 17:12:51.118'),(1145,39,2,220,'2019-05-11 17:12:51.118'),(1146,39,3,0.86,'2019-05-11 17:12:51.118'),(1147,39,1,9.37,'2019-05-11 17:12:52.121'),(1148,39,2,220,'2019-05-11 17:12:52.121'),(1149,39,3,0.94,'2019-05-11 17:12:52.121'),(1150,39,1,8.46,'2019-05-11 17:12:53.125'),(1151,39,2,220,'2019-05-11 17:12:53.125'),(1152,39,3,0.85,'2019-05-11 17:12:53.125'),(1153,39,1,7.93,'2019-05-11 17:12:54.127'),(1154,39,2,220,'2019-05-11 17:12:54.127'),(1155,39,3,0.79,'2019-05-11 17:12:54.127'),(1156,39,1,8.89,'2019-05-11 17:12:55.125'),(1157,39,2,220,'2019-05-11 17:12:55.125'),(1158,39,3,0.89,'2019-05-11 17:12:55.125'),(1159,39,1,9.53,'2019-05-11 17:12:56.123'),(1160,39,2,220,'2019-05-11 17:12:56.123'),(1161,39,3,0.95,'2019-05-11 17:12:56.123'),(1162,39,1,9.02,'2019-05-11 17:12:57.119'),(1163,39,2,220,'2019-05-11 17:12:57.119'),(1164,39,3,0.9,'2019-05-11 17:12:57.119'),(1165,39,1,7.1,'2019-05-11 17:12:58.123'),(1166,39,2,220,'2019-05-11 17:12:58.123'),(1167,39,3,0.71,'2019-05-11 17:12:58.123'),(1168,39,1,8.58,'2019-05-11 17:12:59.119'),(1169,39,2,220,'2019-05-11 17:12:59.119'),(1170,39,3,0.86,'2019-05-11 17:12:59.119'),(1171,39,1,6.9,'2019-05-11 17:13:00.121'),(1172,39,2,220,'2019-05-11 17:13:00.121'),(1173,39,3,0.69,'2019-05-11 17:13:00.121'),(1174,39,1,6.17,'2019-05-11 17:13:01.125'),(1175,39,2,220,'2019-05-11 17:13:01.125'),(1176,39,3,0.62,'2019-05-11 17:13:01.125'),(1177,39,1,8.12,'2019-05-11 17:13:02.124'),(1178,39,2,220,'2019-05-11 17:13:02.124'),(1179,39,3,0.81,'2019-05-11 17:13:02.124'),(1180,39,1,6.98,'2019-05-11 17:13:03.123'),(1181,39,2,220,'2019-05-11 17:13:03.123'),(1182,39,3,0.7,'2019-05-11 17:13:03.123'),(1183,39,1,7.21,'2019-05-11 17:13:04.119'),(1184,39,2,220,'2019-05-11 17:13:04.119'),(1185,39,3,0.72,'2019-05-11 17:13:04.119'),(1186,39,1,7.56,'2019-05-11 17:13:05.123'),(1187,39,2,220,'2019-05-11 17:13:05.123'),(1188,39,3,0.76,'2019-05-11 17:13:05.123'),(1189,39,1,6.96,'2019-05-11 17:13:06.119'),(1190,39,2,220,'2019-05-11 17:13:06.119'),(1191,39,3,0.7,'2019-05-11 17:13:06.119'),(1192,39,1,7.44,'2019-05-11 17:13:07.121'),(1193,39,2,220,'2019-05-11 17:13:07.121'),(1194,39,3,0.74,'2019-05-11 17:13:07.121'),(1195,39,1,6.1,'2019-05-11 17:13:08.125'),(1196,39,2,220,'2019-05-11 17:13:08.125'),(1197,39,3,0.61,'2019-05-11 17:13:08.125'),(1198,39,1,5.97,'2019-05-11 17:13:09.127'),(1199,39,2,220,'2019-05-11 17:13:09.127'),(1200,39,3,0.6,'2019-05-11 17:13:09.127'),(1201,39,1,5.74,'2019-05-11 17:13:10.127'),(1202,39,2,220,'2019-05-11 17:13:10.127'),(1203,39,3,0.57,'2019-05-11 17:13:10.127'),(1204,39,1,5.79,'2019-05-11 17:13:11.123'),(1205,39,2,220,'2019-05-11 17:13:11.123'),(1206,39,3,0.58,'2019-05-11 17:13:11.123'),(1207,39,1,4.89,'2019-05-11 17:13:12.129'),(1208,39,2,220,'2019-05-11 17:13:12.129'),(1209,39,3,0.49,'2019-05-11 17:13:12.129'),(1210,39,1,5.79,'2019-05-11 17:13:13.125'),(1211,39,2,220,'2019-05-11 17:13:13.125'),(1212,39,3,0.58,'2019-05-11 17:13:13.125'),(1213,39,1,6,'2019-05-11 17:13:14.129'),(1214,39,2,220,'2019-05-11 17:13:14.129'),(1215,39,3,0.6,'2019-05-11 17:13:14.129'),(1216,39,1,5.34,'2019-05-11 17:13:15.132'),(1217,39,2,220,'2019-05-11 17:13:15.132'),(1218,39,3,0.53,'2019-05-11 17:13:15.132'),(1219,39,1,5.04,'2019-05-11 17:13:16.128'),(1220,39,2,220,'2019-05-11 17:13:16.128'),(1221,39,3,0.5,'2019-05-11 17:13:16.128'),(1222,39,1,4.77,'2019-05-11 17:13:17.129'),(1223,39,2,220,'2019-05-11 17:13:17.129'),(1224,39,3,0.48,'2019-05-11 17:13:17.129'),(1225,39,1,5.23,'2019-05-11 17:13:18.131'),(1226,39,2,220,'2019-05-11 17:13:18.131'),(1227,39,3,0.52,'2019-05-11 17:13:18.131'),(1228,39,1,4.05,'2019-05-11 17:13:19.135'),(1229,39,2,220,'2019-05-11 17:13:19.135'),(1230,39,3,0.4,'2019-05-11 17:13:19.135'),(1231,39,1,3.58,'2019-05-11 17:13:20.135'),(1232,39,2,220,'2019-05-11 17:13:20.135'),(1233,39,3,0.36,'2019-05-11 17:13:20.135'),(1234,39,1,3.83,'2019-05-11 17:13:21.133'),(1235,39,2,220,'2019-05-11 17:13:21.133'),(1236,39,3,0.38,'2019-05-11 17:13:21.133'),(1237,39,1,4.83,'2019-05-11 17:13:22.136'),(1238,39,2,220,'2019-05-11 17:13:22.136'),(1239,39,3,0.48,'2019-05-11 17:13:22.136'),(1240,39,1,4.38,'2019-05-11 17:13:23.137'),(1241,39,2,220,'2019-05-11 17:13:23.137'),(1242,39,3,0.44,'2019-05-11 17:13:23.137'),(1243,39,1,3.17,'2019-05-11 17:13:24.143'),(1244,39,2,220,'2019-05-11 17:13:24.143'),(1245,39,3,0.32,'2019-05-11 17:13:24.143'),(1246,39,1,3.8,'2019-05-11 17:13:25.141'),(1247,39,2,220,'2019-05-11 17:13:25.141'),(1248,39,3,0.38,'2019-05-11 17:13:25.141'),(1249,39,1,3.44,'2019-05-11 17:13:26.145'),(1250,39,2,220,'2019-05-11 17:13:26.145'),(1251,39,3,0.34,'2019-05-11 17:13:26.145'),(1252,39,1,2.9,'2019-05-11 17:13:27.135'),(1253,39,2,220,'2019-05-11 17:13:27.135'),(1254,39,3,0.29,'2019-05-11 17:13:27.135'),(1255,39,1,3.9,'2019-05-11 17:13:28.141'),(1256,39,2,220,'2019-05-11 17:13:28.141'),(1257,39,3,0.39,'2019-05-11 17:13:28.141'),(1258,39,1,2.73,'2019-05-11 17:13:29.141'),(1259,39,2,220,'2019-05-11 17:13:29.141'),(1260,39,3,0.27,'2019-05-11 17:13:29.141'),(1261,39,1,2.97,'2019-05-11 17:13:30.147'),(1262,39,2,220,'2019-05-11 17:13:30.147'),(1263,39,3,0.3,'2019-05-11 17:13:30.147'),(1264,39,1,3.51,'2019-05-11 17:13:31.143'),(1265,39,2,220,'2019-05-11 17:13:31.143'),(1266,39,3,0.35,'2019-05-11 17:13:31.143'),(1267,39,1,2.98,'2019-05-11 17:13:32.144'),(1268,39,2,220,'2019-05-11 17:13:32.144'),(1269,39,3,0.3,'2019-05-11 17:13:32.144'),(1270,39,1,2.59,'2019-05-11 17:13:33.147'),(1271,39,2,220,'2019-05-11 17:13:33.147'),(1272,39,3,0.26,'2019-05-11 17:13:33.147'),(1273,39,1,2.88,'2019-05-11 17:13:34.153'),(1274,39,2,220,'2019-05-11 17:13:34.153'),(1275,39,3,0.29,'2019-05-11 17:13:34.153'),(1276,39,1,2.8,'2019-05-11 17:13:35.148'),(1277,39,2,220,'2019-05-11 17:13:35.148'),(1278,39,3,0.28,'2019-05-11 17:13:35.148'),(1279,39,1,1.95,'2019-05-11 17:13:36.150'),(1280,39,2,220,'2019-05-11 17:13:36.150'),(1281,39,3,0.2,'2019-05-11 17:13:36.150'),(1282,39,1,2.64,'2019-05-11 17:13:37.156'),(1283,39,2,220,'2019-05-11 17:13:37.156'),(1284,39,3,0.26,'2019-05-11 17:13:37.156'),(1285,39,1,2.24,'2019-05-11 17:13:38.158'),(1286,39,2,220,'2019-05-11 17:13:38.158'),(1287,39,3,0.22,'2019-05-11 17:13:38.158'),(1288,39,1,2.18,'2019-05-11 17:13:39.157'),(1289,39,2,220,'2019-05-11 17:13:39.157'),(1290,39,3,0.22,'2019-05-11 17:13:39.157'),(1291,39,1,1.97,'2019-05-11 17:13:40.163'),(1292,39,2,220,'2019-05-11 17:13:40.163'),(1293,39,3,0.2,'2019-05-11 17:13:40.163'),(1294,39,1,1.91,'2019-05-11 17:13:41.163'),(1295,39,2,220,'2019-05-11 17:13:41.163'),(1296,39,3,0.19,'2019-05-11 17:13:41.163'),(1297,39,1,2,'2019-05-11 17:13:42.160'),(1298,39,2,220,'2019-05-11 17:13:42.160'),(1299,39,3,0.2,'2019-05-11 17:13:42.160'),(1300,39,1,1.61,'2019-05-11 17:13:43.163'),(1301,39,2,220,'2019-05-11 17:13:43.163'),(1302,39,3,0.16,'2019-05-11 17:13:43.163'),(1303,39,1,1.59,'2019-05-11 17:13:44.160'),(1304,39,2,220,'2019-05-11 17:13:44.160'),(1305,39,3,0.16,'2019-05-11 17:13:44.160'),(1306,39,1,1.72,'2019-05-11 17:13:45.167'),(1307,39,2,220,'2019-05-11 17:13:45.167'),(1308,39,3,0.17,'2019-05-11 17:13:45.167'),(1309,39,1,1.43,'2019-05-11 17:13:46.164'),(1310,39,2,220,'2019-05-11 17:13:46.164'),(1311,39,3,0.14,'2019-05-11 17:13:46.164'),(1312,39,1,1.49,'2019-05-11 17:13:47.167'),(1313,39,2,220,'2019-05-11 17:13:47.167'),(1314,39,3,0.15,'2019-05-11 17:13:47.167'),(1315,39,1,1.12,'2019-05-11 17:13:48.163'),(1316,39,2,220,'2019-05-11 17:13:48.163'),(1317,39,3,0.11,'2019-05-11 17:13:48.163'),(1318,39,1,1.43,'2019-05-11 17:13:49.167'),(1319,39,2,220,'2019-05-11 17:13:49.167'),(1320,39,3,0.14,'2019-05-11 17:13:49.167'),(1321,39,1,1.08,'2019-05-11 17:13:50.165'),(1322,39,2,220,'2019-05-11 17:13:50.165'),(1323,39,3,0.11,'2019-05-11 17:13:50.165'),(1324,39,1,1.09,'2019-05-11 17:13:51.167'),(1325,39,2,220,'2019-05-11 17:13:51.167'),(1326,39,3,0.11,'2019-05-11 17:13:51.167'),(1327,39,1,1.03,'2019-05-11 17:13:52.165'),(1328,39,2,220,'2019-05-11 17:13:52.165'),(1329,39,3,0.1,'2019-05-11 17:13:52.165'),(1330,39,1,0.97,'2019-05-11 17:13:53.169'),(1331,39,2,220,'2019-05-11 17:13:53.169'),(1332,39,3,0.1,'2019-05-11 17:13:53.169'),(1333,39,1,1.02,'2019-05-11 17:13:54.165'),(1334,39,2,220,'2019-05-11 17:13:54.165'),(1335,39,3,0.1,'2019-05-11 17:13:54.165'),(1336,39,1,0.87,'2019-05-11 17:13:55.185'),(1337,39,2,220,'2019-05-11 17:13:55.185'),(1338,39,3,0.09,'2019-05-11 17:13:55.185'),(1339,39,1,0.7,'2019-05-11 17:13:56.169'),(1340,39,2,220,'2019-05-11 17:13:56.169'),(1341,39,3,0.07,'2019-05-11 17:13:56.169'),(1342,39,1,0.72,'2019-05-11 17:13:57.169'),(1343,39,2,220,'2019-05-11 17:13:57.169'),(1344,39,3,0.07,'2019-05-11 17:13:57.169'),(1345,39,1,0.7,'2019-05-11 17:13:58.173'),(1346,39,2,220,'2019-05-11 17:13:58.173'),(1347,39,3,0.07,'2019-05-11 17:13:58.173'),(1348,39,1,0.66,'2019-05-11 17:13:59.175'),(1349,39,2,220,'2019-05-11 17:13:59.175'),(1350,39,3,0.07,'2019-05-11 17:13:59.175'),(1351,39,1,0.42,'2019-05-11 17:14:00.177'),(1352,39,2,220,'2019-05-11 17:14:00.177'),(1353,39,3,0.04,'2019-05-11 17:14:00.177'),(1354,39,1,0.47,'2019-05-11 17:14:01.173'),(1355,39,2,220,'2019-05-11 17:14:01.173'),(1356,39,3,0.05,'2019-05-11 17:14:01.173'),(1357,39,1,0.43,'2019-05-11 17:14:02.177'),(1358,39,2,220,'2019-05-11 17:14:02.177'),(1359,39,3,0.04,'2019-05-11 17:14:02.177'),(1360,39,1,0.31,'2019-05-11 17:14:03.177'),(1361,39,2,220,'2019-05-11 17:14:03.177'),(1362,39,3,0.03,'2019-05-11 17:14:03.177'),(1363,39,1,0.31,'2019-05-11 17:14:04.189'),(1364,39,2,220,'2019-05-11 17:14:04.189'),(1365,39,3,0.03,'2019-05-11 17:14:04.189'),(1366,39,1,0.29,'2019-05-11 17:14:05.185'),(1367,39,2,220,'2019-05-11 17:14:05.185'),(1368,39,3,0.03,'2019-05-11 17:14:05.185'),(1369,39,1,0.23,'2019-05-11 17:14:06.184'),(1370,39,2,220,'2019-05-11 17:14:06.184'),(1371,39,3,0.02,'2019-05-11 17:14:06.184'),(1372,39,1,0.22,'2019-05-11 17:14:07.191'),(1373,39,2,220,'2019-05-11 17:14:07.191'),(1374,39,3,0.02,'2019-05-11 17:14:07.191'),(1375,39,1,0.2,'2019-05-11 17:14:08.196'),(1376,39,2,220,'2019-05-11 17:14:08.196'),(1377,39,3,0.02,'2019-05-11 17:14:08.196'),(1378,39,1,0.16,'2019-05-11 17:14:09.195'),(1379,39,2,220,'2019-05-11 17:14:09.195'),(1380,39,3,0.02,'2019-05-11 17:14:09.195'),(1381,39,1,0.15,'2019-05-11 17:14:10.199'),(1382,39,2,220,'2019-05-11 17:14:10.199'),(1383,39,3,0.01,'2019-05-11 17:14:10.199'),(1384,39,1,0.09,'2019-05-11 17:14:11.199'),(1385,39,2,220,'2019-05-11 17:14:11.199'),(1386,39,3,0.01,'2019-05-11 17:14:11.199'),(1387,39,1,0.09,'2019-05-11 17:14:12.202'),(1388,39,2,220,'2019-05-11 17:14:12.202'),(1389,39,3,0.01,'2019-05-11 17:14:12.202'),(1390,39,1,0.07,'2019-05-11 17:14:13.203'),(1391,39,2,220,'2019-05-11 17:14:13.203'),(1392,39,3,0.01,'2019-05-11 17:14:13.203'),(1393,39,1,0.05,'2019-05-11 17:14:14.202'),(1394,39,2,220,'2019-05-11 17:14:14.202'),(1395,39,3,0.01,'2019-05-11 17:14:14.202'),(1396,39,1,0.03,'2019-05-11 17:14:15.204'),(1397,39,2,220,'2019-05-11 17:14:15.204'),(1398,39,3,0,'2019-05-11 17:14:15.204'),(1399,39,1,0.02,'2019-05-11 17:14:16.221'),(1400,39,2,220,'2019-05-11 17:14:16.221'),(1401,39,3,0,'2019-05-11 17:14:16.221'),(1402,39,1,0.01,'2019-05-11 17:14:17.199'),(1403,39,2,220,'2019-05-11 17:14:17.199'),(1404,39,3,0,'2019-05-11 17:14:17.199'),(1405,39,1,0.01,'2019-05-11 17:14:18.198'),(1406,39,2,220,'2019-05-11 17:14:18.198'),(1407,39,3,0,'2019-05-11 17:14:18.198'),(1408,39,1,0,'2019-05-11 17:14:19.193'),(1409,39,2,220,'2019-05-11 17:14:19.193'),(1410,39,3,0,'2019-05-11 17:14:19.193'),(1411,39,1,0,'2019-05-11 17:14:20.195'),(1412,39,2,220,'2019-05-11 17:14:20.195'),(1413,39,3,0,'2019-05-11 17:14:20.195'),(1414,39,1,0,'2019-05-11 17:14:21.199'),(1415,39,2,220,'2019-05-11 17:14:21.199'),(1416,39,3,0,'2019-05-11 17:14:21.199'),(1417,39,1,0,'2019-05-11 17:14:22.199'),(1418,39,2,220,'2019-05-11 17:14:22.199'),(1419,39,3,0,'2019-05-11 17:14:22.199'),(1420,39,1,0.01,'2019-05-11 17:14:23.199'),(1421,39,2,220,'2019-05-11 17:14:23.199'),(1422,39,3,0,'2019-05-11 17:14:23.199'),(1423,39,1,0.02,'2019-05-11 17:14:24.205'),(1424,39,2,220,'2019-05-11 17:14:24.205'),(1425,39,3,0,'2019-05-11 17:14:24.205'),(1426,39,1,0.03,'2019-05-11 17:14:25.207'),(1427,39,2,220,'2019-05-11 17:14:25.207'),(1428,39,3,0,'2019-05-11 17:14:25.207'),(1429,39,1,0.04,'2019-05-11 17:14:26.208'),(1430,39,2,220,'2019-05-11 17:14:26.208'),(1431,39,3,0,'2019-05-11 17:14:26.208'),(1432,39,1,0.06,'2019-05-11 17:14:27.207'),(1433,39,2,220,'2019-05-11 17:14:27.207'),(1434,39,3,0.01,'2019-05-11 17:14:27.207'),(1435,39,1,0.07,'2019-05-11 17:14:28.213'),(1436,39,2,220,'2019-05-11 17:14:28.213'),(1437,39,3,0.01,'2019-05-11 17:14:28.213'),(1438,39,1,0.08,'2019-05-11 17:14:29.213'),(1439,39,2,220,'2019-05-11 17:14:29.213'),(1440,39,3,0.01,'2019-05-11 17:14:29.213'),(1441,39,1,0.12,'2019-05-11 17:14:30.211'),(1442,39,2,220,'2019-05-11 17:14:30.211'),(1443,39,3,0.01,'2019-05-11 17:14:30.211'),(1444,39,1,0.15,'2019-05-11 17:14:31.217'),(1445,39,2,220,'2019-05-11 17:14:31.217'),(1446,39,3,0.01,'2019-05-11 17:14:31.217'),(1447,39,1,0.17,'2019-05-11 17:14:32.219'),(1448,39,2,220,'2019-05-11 17:14:32.219'),(1449,39,3,0.02,'2019-05-11 17:14:32.219'),(1450,39,1,0.22,'2019-05-11 17:14:33.223'),(1451,39,2,220,'2019-05-11 17:14:33.223'),(1452,39,3,0.02,'2019-05-11 17:14:33.223'),(1453,39,1,0.23,'2019-05-11 17:14:34.223'),(1454,39,2,220,'2019-05-11 17:14:34.223'),(1455,39,3,0.02,'2019-05-11 17:14:34.223'),(1456,39,1,0.26,'2019-05-11 17:14:35.225'),(1457,39,2,220,'2019-05-11 17:14:35.225'),(1458,39,3,0.03,'2019-05-11 17:14:35.225'),(1459,39,1,0.34,'2019-05-11 17:14:36.231'),(1460,39,2,220,'2019-05-11 17:14:36.231'),(1461,39,3,0.03,'2019-05-11 17:14:36.231'),(1462,39,1,0.4,'2019-05-11 17:14:37.231'),(1463,39,2,220,'2019-05-11 17:14:37.231'),(1464,39,3,0.04,'2019-05-11 17:14:37.231'),(1465,39,1,0.34,'2019-05-11 17:14:38.225'),(1466,39,2,220,'2019-05-11 17:14:38.225'),(1467,39,3,0.03,'2019-05-11 17:14:38.225'),(1468,39,1,0.46,'2019-05-11 17:14:39.229'),(1469,39,2,220,'2019-05-11 17:14:39.229'),(1470,39,3,0.05,'2019-05-11 17:14:39.229'),(1471,39,1,0.47,'2019-05-11 17:14:40.235'),(1472,39,2,220,'2019-05-11 17:14:40.235'),(1473,39,3,0.05,'2019-05-11 17:14:40.235'),(1474,39,1,0.55,'2019-05-11 17:14:41.235'),(1475,39,2,220,'2019-05-11 17:14:41.235'),(1476,39,3,0.06,'2019-05-11 17:14:41.235'),(1477,39,1,0.47,'2019-05-11 17:14:42.231'),(1478,39,2,220,'2019-05-11 17:14:42.231'),(1479,39,3,0.05,'2019-05-11 17:14:42.231'),(1480,39,1,0.71,'2019-05-11 17:14:43.228'),(1481,39,2,220,'2019-05-11 17:14:43.228'),(1482,39,3,0.07,'2019-05-11 17:14:43.228'),(1483,39,1,0.58,'2019-05-11 17:14:44.225'),(1484,39,2,220,'2019-05-11 17:14:44.225'),(1485,39,3,0.06,'2019-05-11 17:14:44.225'),(1486,39,1,0.88,'2019-05-11 17:14:45.229'),(1487,39,2,220,'2019-05-11 17:14:45.229'),(1488,39,3,0.09,'2019-05-11 17:14:45.229'),(1489,39,1,0.79,'2019-05-11 17:14:46.235'),(1490,39,2,220,'2019-05-11 17:14:46.235'),(1491,39,3,0.08,'2019-05-11 17:14:46.235'),(1492,39,1,0.73,'2019-05-11 17:14:47.241'),(1493,39,2,220,'2019-05-11 17:14:47.241'),(1494,39,3,0.07,'2019-05-11 17:14:47.241'),(1495,39,1,0.77,'2019-05-11 17:14:48.245'),(1496,39,2,220,'2019-05-11 17:14:48.245'),(1497,39,3,0.08,'2019-05-11 17:14:48.245'),(1498,39,1,1.15,'2019-05-11 17:14:49.251'),(1499,39,2,220,'2019-05-11 17:14:49.251'),(1500,39,3,0.11,'2019-05-11 17:14:49.251'),(1501,39,1,1.22,'2019-05-11 17:14:50.259'),(1502,39,2,220,'2019-05-11 17:14:50.259'),(1503,39,3,0.12,'2019-05-11 17:14:50.259'),(1504,39,1,1.25,'2019-05-11 17:14:51.262'),(1505,39,2,220,'2019-05-11 17:14:51.262'),(1506,39,3,0.12,'2019-05-11 17:14:51.262'),(1507,39,1,1.35,'2019-05-11 17:14:52.267'),(1508,39,2,220,'2019-05-11 17:14:52.267'),(1509,39,3,0.14,'2019-05-11 17:14:52.267'),(1510,39,1,1.26,'2019-05-11 17:14:53.267'),(1511,39,2,220,'2019-05-11 17:14:53.267'),(1512,39,3,0.13,'2019-05-11 17:14:53.267'),(1513,39,1,1.33,'2019-05-11 17:14:54.271'),(1514,39,2,220,'2019-05-11 17:14:54.271'),(1515,39,3,0.13,'2019-05-11 17:14:54.271'),(1516,39,1,1.78,'2019-05-11 17:14:55.275'),(1517,39,2,220,'2019-05-11 17:14:55.275'),(1518,39,3,0.18,'2019-05-11 17:14:55.275'),(1519,39,1,1.37,'2019-05-11 17:14:56.273'),(1520,39,2,220,'2019-05-11 17:14:56.273'),(1521,39,3,0.14,'2019-05-11 17:14:56.273'),(1522,39,1,1.4,'2019-05-11 17:14:57.271'),(1523,39,2,220,'2019-05-11 17:14:57.271'),(1524,39,3,0.14,'2019-05-11 17:14:57.271'),(1525,39,1,2.01,'2019-05-11 17:14:58.273'),(1526,39,2,220,'2019-05-11 17:14:58.273'),(1527,39,3,0.2,'2019-05-11 17:14:58.273'),(1528,39,1,1.54,'2019-05-11 17:14:59.271'),(1529,39,2,220,'2019-05-11 17:14:59.271'),(1530,39,3,0.15,'2019-05-11 17:14:59.271'),(1531,39,1,2.04,'2019-05-11 17:15:00.277'),(1532,39,2,220,'2019-05-11 17:15:00.277'),(1533,39,3,0.2,'2019-05-11 17:15:00.277'),(1534,39,1,2.43,'2019-05-11 17:15:01.281'),(1535,39,2,220,'2019-05-11 17:15:01.281'),(1536,39,3,0.24,'2019-05-11 17:15:01.281'),(1537,39,1,2.51,'2019-05-11 17:15:02.287'),(1538,39,2,220,'2019-05-11 17:15:02.287'),(1539,39,3,0.25,'2019-05-11 17:15:02.287'),(1540,39,1,2.1,'2019-05-11 17:15:03.288'),(1541,39,2,220,'2019-05-11 17:15:03.288'),(1542,39,3,0.21,'2019-05-11 17:15:03.288'),(1543,39,1,2.32,'2019-05-11 17:15:04.284'),(1544,39,2,220,'2019-05-11 17:15:04.284'),(1545,39,3,0.23,'2019-05-11 17:15:04.284'),(1546,39,1,2.34,'2019-05-11 17:15:05.284'),(1547,39,2,220,'2019-05-11 17:15:05.284'),(1548,39,3,0.23,'2019-05-11 17:15:05.284'),(1549,39,1,2.67,'2019-05-11 17:15:06.278'),(1550,39,2,220,'2019-05-11 17:15:06.278'),(1551,39,3,0.27,'2019-05-11 17:15:06.278'),(1552,39,1,2.66,'2019-05-11 17:15:07.277'),(1553,39,2,220,'2019-05-11 17:15:07.277'),(1554,39,3,0.27,'2019-05-11 17:15:07.277'),(1555,39,1,2.66,'2019-05-11 17:15:08.283'),(1556,39,2,220,'2019-05-11 17:15:08.283'),(1557,39,3,0.27,'2019-05-11 17:15:08.283'),(1558,39,1,3.31,'2019-05-11 17:15:09.285'),(1559,39,2,220,'2019-05-11 17:15:09.285'),(1560,39,3,0.33,'2019-05-11 17:15:09.285'),(1561,39,1,2.7,'2019-05-11 17:15:10.296'),(1562,39,2,220,'2019-05-11 17:15:10.296'),(1563,39,3,0.27,'2019-05-11 17:15:10.296'),(1564,39,1,2.71,'2019-05-11 17:15:11.293'),(1565,39,2,220,'2019-05-11 17:15:11.293'),(1566,39,3,0.27,'2019-05-11 17:15:11.293'),(1567,39,1,3.28,'2019-05-11 17:15:12.297'),(1568,39,2,220,'2019-05-11 17:15:12.297'),(1569,39,3,0.33,'2019-05-11 17:15:12.297'),(1570,39,1,3.63,'2019-05-11 17:15:13.295'),(1571,39,2,220,'2019-05-11 17:15:13.295'),(1572,39,3,0.36,'2019-05-11 17:15:13.295'),(1573,39,1,3.38,'2019-05-11 17:15:14.293'),(1574,39,2,220,'2019-05-11 17:15:14.293'),(1575,39,3,0.34,'2019-05-11 17:15:14.293'),(1576,39,1,3.29,'2019-05-11 17:15:15.298'),(1577,39,2,220,'2019-05-11 17:15:15.298'),(1578,39,3,0.33,'2019-05-11 17:15:15.298'),(1579,39,1,3.8,'2019-05-11 17:15:16.295'),(1580,39,2,220,'2019-05-11 17:15:16.295'),(1581,39,3,0.38,'2019-05-11 17:15:16.295'),(1582,39,1,4.23,'2019-05-11 17:15:17.295'),(1583,39,2,220,'2019-05-11 17:15:17.295'),(1584,39,3,0.42,'2019-05-11 17:15:17.295'),(1585,39,1,3.42,'2019-05-11 17:15:18.299'),(1586,39,2,220,'2019-05-11 17:15:18.299'),(1587,39,3,0.34,'2019-05-11 17:15:18.299'),(1588,39,1,4.54,'2019-05-11 17:15:19.289'),(1589,39,2,220,'2019-05-11 17:15:19.289'),(1590,39,3,0.45,'2019-05-11 17:15:19.289'),(1591,39,1,4.12,'2019-05-11 17:15:20.295'),(1592,39,2,220,'2019-05-11 17:15:20.295'),(1593,39,3,0.41,'2019-05-11 17:15:20.295'),(1594,39,1,4.63,'2019-05-11 17:15:21.299'),(1595,39,2,220,'2019-05-11 17:15:21.299'),(1596,39,3,0.46,'2019-05-11 17:15:21.299'),(1597,39,1,4.59,'2019-05-11 17:15:22.291'),(1598,39,2,220,'2019-05-11 17:15:22.291'),(1599,39,3,0.46,'2019-05-11 17:15:22.291'),(1600,39,1,4.22,'2019-05-11 17:15:23.296'),(1601,39,2,220,'2019-05-11 17:15:23.296'),(1602,39,3,0.42,'2019-05-11 17:15:23.296'),(1603,39,1,5.86,'2019-05-11 17:15:24.299'),(1604,39,2,220,'2019-05-11 17:15:24.299'),(1605,39,3,0.59,'2019-05-11 17:15:24.299'),(1606,39,1,5.2,'2019-05-11 17:15:25.301'),(1607,39,2,220,'2019-05-11 17:15:25.301'),(1608,39,3,0.52,'2019-05-11 17:15:25.301'),(1609,39,1,5.12,'2019-05-11 17:15:26.305'),(1610,39,2,220,'2019-05-11 17:15:26.305'),(1611,39,3,0.51,'2019-05-11 17:15:26.305'),(1612,39,1,4.59,'2019-05-11 17:15:27.307'),(1613,39,2,220,'2019-05-11 17:15:27.307'),(1614,39,3,0.46,'2019-05-11 17:15:27.307'),(1615,39,1,6.39,'2019-05-11 17:15:28.307'),(1616,39,2,220,'2019-05-11 17:15:28.307'),(1617,39,3,0.64,'2019-05-11 17:15:28.307'),(1618,39,1,6.15,'2019-05-11 17:15:29.301'),(1619,39,2,220,'2019-05-11 17:15:29.301'),(1620,39,3,0.61,'2019-05-11 17:15:29.301'),(1621,39,1,6.52,'2019-05-11 17:15:30.297'),(1622,39,2,220,'2019-05-11 17:15:30.297'),(1623,39,3,0.65,'2019-05-11 17:15:30.297'),(1624,39,1,7.05,'2019-05-11 17:15:31.297'),(1625,39,2,220,'2019-05-11 17:15:31.297'),(1626,39,3,0.7,'2019-05-11 17:15:31.297'),(1627,39,1,7.35,'2019-05-11 17:15:32.305'),(1628,39,2,220,'2019-05-11 17:15:32.305'),(1629,39,3,0.73,'2019-05-11 17:15:32.305'),(1630,39,1,7.28,'2019-05-11 17:15:33.299'),(1631,39,2,220,'2019-05-11 17:15:33.299'),(1632,39,3,0.73,'2019-05-11 17:15:33.299'),(1633,39,1,7.43,'2019-05-11 17:15:34.305'),(1634,39,2,220,'2019-05-11 17:15:34.305'),(1635,39,3,0.74,'2019-05-11 17:15:34.305'),(1636,39,1,6.73,'2019-05-11 17:15:35.307'),(1637,39,2,220,'2019-05-11 17:15:35.307'),(1638,39,3,0.67,'2019-05-11 17:15:35.307'),(1639,39,1,7.77,'2019-05-11 17:15:36.315'),(1640,39,2,220,'2019-05-11 17:15:36.315'),(1641,39,3,0.78,'2019-05-11 17:15:36.315'),(1642,39,1,5.86,'2019-05-11 17:15:37.313'),(1643,39,2,220,'2019-05-11 17:15:37.313'),(1644,39,3,0.59,'2019-05-11 17:15:37.313'),(1645,39,1,6.83,'2019-05-11 17:15:38.311'),(1646,39,2,220,'2019-05-11 17:15:38.311'),(1647,39,3,0.68,'2019-05-11 17:15:38.311'),(1648,39,1,8.11,'2019-05-11 17:15:39.309'),(1649,39,2,220,'2019-05-11 17:15:39.309'),(1650,39,3,0.81,'2019-05-11 17:15:39.309'),(1651,39,1,7.41,'2019-05-11 17:15:40.307'),(1652,39,2,220,'2019-05-11 17:15:40.307'),(1653,39,3,0.74,'2019-05-11 17:15:40.307'),(1654,39,1,9.08,'2019-05-11 17:15:41.307'),(1655,39,2,220,'2019-05-11 17:15:41.307'),(1656,39,3,0.91,'2019-05-11 17:15:41.307'),(1657,39,1,6.56,'2019-05-11 17:15:42.303'),(1658,39,2,220,'2019-05-11 17:15:42.303'),(1659,39,3,0.66,'2019-05-11 17:15:42.303'),(1660,39,1,8.25,'2019-05-11 17:15:43.298'),(1661,39,2,220,'2019-05-11 17:15:43.298'),(1662,39,3,0.82,'2019-05-11 17:15:43.298'),(1663,39,1,8.86,'2019-05-11 17:15:44.301'),(1664,39,2,220,'2019-05-11 17:15:44.301'),(1665,39,3,0.89,'2019-05-11 17:15:44.301'),(1666,39,1,8.57,'2019-05-11 17:15:45.301'),(1667,39,2,220,'2019-05-11 17:15:45.301'),(1668,39,3,0.86,'2019-05-11 17:15:45.301'),(1669,39,1,8.24,'2019-05-11 17:15:46.303'),(1670,39,2,220,'2019-05-11 17:15:46.303'),(1671,39,3,0.82,'2019-05-11 17:15:46.303'),(1672,39,1,9.36,'2019-05-11 17:15:47.301'),(1673,39,2,220,'2019-05-11 17:15:47.301'),(1674,39,3,0.94,'2019-05-11 17:15:47.301'),(1675,39,1,7.61,'2019-05-11 17:15:48.299'),(1676,39,2,220,'2019-05-11 17:15:48.299'),(1677,39,3,0.76,'2019-05-11 17:15:48.299'),(1678,39,1,7.82,'2019-05-11 17:15:49.297'),(1679,39,2,220,'2019-05-11 17:15:49.297'),(1680,39,3,0.78,'2019-05-11 17:15:49.297'),(1681,39,1,8.25,'2019-05-11 17:15:50.293'),(1682,39,2,220,'2019-05-11 17:15:50.293'),(1683,39,3,0.82,'2019-05-11 17:15:50.293'),(1684,39,1,9.27,'2019-05-11 17:15:51.303'),(1685,39,2,220,'2019-05-11 17:15:51.303'),(1686,39,3,0.93,'2019-05-11 17:15:51.303'),(1687,39,1,11.52,'2019-05-11 17:15:52.305'),(1688,39,2,220,'2019-05-11 17:15:52.305'),(1689,39,3,1.15,'2019-05-11 17:15:52.305'),(1690,39,1,9.5,'2019-05-11 17:15:53.303'),(1691,39,2,220,'2019-05-11 17:15:53.303'),(1692,39,3,0.95,'2019-05-11 17:15:53.303'),(1693,39,1,11.57,'2019-05-11 17:15:54.309'),(1694,39,2,220,'2019-05-11 17:15:54.309'),(1695,39,3,1.16,'2019-05-11 17:15:54.309'),(1696,39,1,11.92,'2019-05-11 17:15:55.300'),(1697,39,2,220,'2019-05-11 17:15:55.300'),(1698,39,3,1.19,'2019-05-11 17:15:55.300'),(1699,39,1,10.31,'2019-05-11 17:15:56.297'),(1700,39,2,220,'2019-05-11 17:15:56.297'),(1701,39,3,1.03,'2019-05-11 17:15:56.297'),(1702,39,1,10.63,'2019-05-11 17:15:57.301'),(1703,39,2,220,'2019-05-11 17:15:57.301'),(1704,39,3,1.06,'2019-05-11 17:15:57.301'),(1705,39,1,12.82,'2019-05-11 17:15:58.299'),(1706,39,2,220,'2019-05-11 17:15:58.299'),(1707,39,3,1.28,'2019-05-11 17:15:58.299'),(1708,39,1,11.22,'2019-05-11 17:15:59.297'),(1709,39,2,220,'2019-05-11 17:15:59.297'),(1710,39,3,1.12,'2019-05-11 17:15:59.297'),(1711,39,1,10.58,'2019-05-11 17:16:00.295'),(1712,39,2,220,'2019-05-11 17:16:00.295'),(1713,39,3,1.06,'2019-05-11 17:16:00.295'),(1714,39,1,11.77,'2019-05-11 17:16:01.297'),(1715,39,2,220,'2019-05-11 17:16:01.297'),(1716,39,3,1.18,'2019-05-11 17:16:01.297'),(1717,39,1,10.18,'2019-05-11 17:16:02.303'),(1718,39,2,220,'2019-05-11 17:16:02.303'),(1719,39,3,1.02,'2019-05-11 17:16:02.303'),(1720,39,1,12.98,'2019-05-11 17:16:03.311'),(1721,39,2,220,'2019-05-11 17:16:03.311'),(1722,39,3,1.3,'2019-05-11 17:16:03.311'),(1723,39,1,13.38,'2019-05-11 17:16:04.313'),(1724,39,2,220,'2019-05-11 17:16:04.313'),(1725,39,3,1.34,'2019-05-11 17:16:04.313'),(1726,39,1,13.14,'2019-05-11 17:16:05.309'),(1727,39,2,220,'2019-05-11 17:16:05.309'),(1728,39,3,1.31,'2019-05-11 17:16:05.309'),(1729,39,1,12.63,'2019-05-11 17:16:06.305'),(1730,39,2,220,'2019-05-11 17:16:06.305'),(1731,39,3,1.26,'2019-05-11 17:16:06.305'),(1732,39,1,12.6,'2019-05-11 17:16:07.304'),(1733,39,2,220,'2019-05-11 17:16:07.304'),(1734,39,3,1.26,'2019-05-11 17:16:07.304'),(1735,39,1,12.46,'2019-05-11 17:16:08.308'),(1736,39,2,220,'2019-05-11 17:16:08.308'),(1737,39,3,1.25,'2019-05-11 17:16:08.308'),(1738,39,1,13.38,'2019-05-11 17:16:09.320'),(1739,39,2,220,'2019-05-11 17:16:09.320'),(1740,39,3,1.34,'2019-05-11 17:16:09.320'),(1741,39,1,15.55,'2019-05-11 17:16:10.318'),(1742,39,2,220,'2019-05-11 17:16:10.318'),(1743,39,3,1.56,'2019-05-11 17:16:10.318'),(1744,39,1,15.44,'2019-05-11 17:16:11.325'),(1745,39,2,220,'2019-05-11 17:16:11.325'),(1746,39,3,1.54,'2019-05-11 17:16:11.325'),(1747,39,1,15.99,'2019-05-11 17:16:12.323'),(1748,39,2,220,'2019-05-11 17:16:12.323'),(1749,39,3,1.6,'2019-05-11 17:16:12.323'),(1750,39,1,12.62,'2019-05-11 17:16:13.323'),(1751,39,2,220,'2019-05-11 17:16:13.323'),(1752,39,3,1.26,'2019-05-11 17:16:13.323'),(1753,39,1,16.37,'2019-05-11 17:16:14.323'),(1754,39,2,220,'2019-05-11 17:16:14.323'),(1755,39,3,1.64,'2019-05-11 17:16:14.323'),(1756,39,1,13.54,'2019-05-11 17:16:15.329'),(1757,39,2,220,'2019-05-11 17:16:15.329'),(1758,39,3,1.35,'2019-05-11 17:16:15.329'),(1759,39,1,13.5,'2019-05-11 17:16:16.324'),(1760,39,2,220,'2019-05-11 17:16:16.324'),(1761,39,3,1.35,'2019-05-11 17:16:16.324'),(1762,39,1,16.04,'2019-05-11 17:16:17.329'),(1763,39,2,220,'2019-05-11 17:16:17.329'),(1764,39,3,1.6,'2019-05-11 17:16:17.329'),(1765,39,1,14.41,'2019-05-11 17:16:18.327'),(1766,39,2,220,'2019-05-11 17:16:18.327'),(1767,39,3,1.44,'2019-05-11 17:16:18.327'),(1768,39,1,15.78,'2019-05-11 17:16:19.333'),(1769,39,2,220,'2019-05-11 17:16:19.333'),(1770,39,3,1.58,'2019-05-11 17:16:19.333'),(1771,39,1,18.65,'2019-05-11 17:16:20.338'),(1772,39,2,220,'2019-05-11 17:16:20.338'),(1773,39,3,1.86,'2019-05-11 17:16:20.338'),(1774,39,1,18.91,'2019-05-11 17:16:21.337'),(1775,39,2,220,'2019-05-11 17:16:21.337'),(1776,39,3,1.89,'2019-05-11 17:16:21.337'),(1777,39,1,17.89,'2019-05-11 17:16:22.331'),(1778,39,2,220,'2019-05-11 17:16:22.331'),(1779,39,3,1.79,'2019-05-11 17:16:22.331'),(1780,39,1,16.04,'2019-05-11 17:16:23.333'),(1781,39,2,220,'2019-05-11 17:16:23.333'),(1782,39,3,1.6,'2019-05-11 17:16:23.333'),(1783,39,1,18.66,'2019-05-11 17:16:24.334'),(1784,39,2,220,'2019-05-11 17:16:24.334'),(1785,39,3,1.87,'2019-05-11 17:16:24.334'),(1786,39,1,20.13,'2019-05-11 17:16:25.339'),(1787,39,2,220,'2019-05-11 17:16:25.339'),(1788,39,3,2.01,'2019-05-11 17:16:25.339'),(1789,39,1,14.71,'2019-05-11 17:16:26.337'),(1790,39,2,220,'2019-05-11 17:16:26.337'),(1791,39,3,1.47,'2019-05-11 17:16:26.337'),(1792,39,1,19.34,'2019-05-11 17:16:27.343'),(1793,39,2,220,'2019-05-11 17:16:27.343'),(1794,39,3,1.93,'2019-05-11 17:16:27.343'),(1795,39,1,15.17,'2019-05-11 17:16:28.342'),(1796,39,2,220,'2019-05-11 17:16:28.342'),(1797,39,3,1.52,'2019-05-11 17:16:28.342'),(1798,39,1,18.77,'2019-05-11 17:16:29.341'),(1799,39,2,220,'2019-05-11 17:16:29.341'),(1800,39,3,1.88,'2019-05-11 17:16:29.341'),(1801,39,1,15.45,'2019-05-11 17:16:30.343'),(1802,39,2,220,'2019-05-11 17:16:30.343'),(1803,39,3,1.54,'2019-05-11 17:16:30.343'),(1804,39,1,18.38,'2019-05-11 17:16:31.346'),(1805,39,2,220,'2019-05-11 17:16:31.346'),(1806,39,3,1.84,'2019-05-11 17:16:31.346'),(1807,39,1,22.44,'2019-05-11 17:16:32.341'),(1808,39,2,220,'2019-05-11 17:16:32.341'),(1809,39,3,2.24,'2019-05-11 17:16:32.341'),(1810,39,1,18.95,'2019-05-11 17:16:33.339'),(1811,39,2,220,'2019-05-11 17:16:33.339'),(1812,39,3,1.9,'2019-05-11 17:16:33.339'),(1813,39,1,22.13,'2019-05-11 17:16:34.343'),(1814,39,2,220,'2019-05-11 17:16:34.343'),(1815,39,3,2.21,'2019-05-11 17:16:34.343'),(1816,39,1,17.38,'2019-05-11 17:16:35.343'),(1817,39,2,220,'2019-05-11 17:16:35.343'),(1818,39,3,1.74,'2019-05-11 17:16:35.343'),(1819,39,1,22.21,'2019-05-11 17:16:36.349'),(1820,39,2,220,'2019-05-11 17:16:36.349'),(1821,39,3,2.22,'2019-05-11 17:16:36.349'),(1822,39,1,23.45,'2019-05-11 17:16:37.349'),(1823,39,2,220,'2019-05-11 17:16:37.349'),(1824,39,3,2.34,'2019-05-11 17:16:37.349'),(1825,39,1,23.64,'2019-05-11 17:16:38.349'),(1826,39,2,220,'2019-05-11 17:16:38.349'),(1827,39,3,2.36,'2019-05-11 17:16:38.349'),(1828,39,1,18.07,'2019-05-11 17:16:39.349'),(1829,39,2,220,'2019-05-11 17:16:39.349'),(1830,39,3,1.81,'2019-05-11 17:16:39.349'),(1831,39,1,18.67,'2019-05-11 17:16:40.356'),(1832,39,2,220,'2019-05-11 17:16:40.356'),(1833,39,3,1.87,'2019-05-11 17:16:40.356'),(1834,39,1,23.01,'2019-05-11 17:16:41.355'),(1835,39,2,220,'2019-05-11 17:16:41.355'),(1836,39,3,2.3,'2019-05-11 17:16:41.355'),(1837,39,1,22.14,'2019-05-11 17:16:42.361'),(1838,39,2,220,'2019-05-11 17:16:42.361'),(1839,39,3,2.21,'2019-05-11 17:16:42.361'),(1840,39,1,23.61,'2019-05-11 17:16:43.361'),(1841,39,2,220,'2019-05-11 17:16:43.361'),(1842,39,3,2.36,'2019-05-11 17:16:43.361'),(1843,39,1,18.59,'2019-05-11 17:16:44.363'),(1844,39,2,220,'2019-05-11 17:16:44.363'),(1845,39,3,1.86,'2019-05-11 17:16:44.363'),(1846,39,1,21.43,'2019-05-11 17:16:45.364'),(1847,39,2,220,'2019-05-11 17:16:45.364'),(1848,39,3,2.14,'2019-05-11 17:16:45.364'),(1849,39,1,23.93,'2019-05-11 17:16:46.365'),(1850,39,2,220,'2019-05-11 17:16:46.365'),(1851,39,3,2.39,'2019-05-11 17:16:46.365'),(1852,39,1,22.69,'2019-05-11 17:16:47.365'),(1853,39,2,220,'2019-05-11 17:16:47.365'),(1854,39,3,2.27,'2019-05-11 17:16:47.365'),(1855,39,1,19.02,'2019-05-11 17:16:48.369'),(1856,39,2,220,'2019-05-11 17:16:48.369'),(1857,39,3,1.9,'2019-05-11 17:16:48.369'),(1858,39,1,24.6,'2019-05-11 17:16:49.368'),(1859,39,2,220,'2019-05-11 17:16:49.368'),(1860,39,3,2.46,'2019-05-11 17:16:49.368'),(1861,39,1,20.89,'2019-05-11 17:16:50.371'),(1862,39,2,220,'2019-05-11 17:16:50.371'),(1863,39,3,2.09,'2019-05-11 17:16:50.371'),(1864,39,1,24.72,'2019-05-11 17:16:51.373'),(1865,39,2,220,'2019-05-11 17:16:51.373'),(1866,39,3,2.47,'2019-05-11 17:16:51.373'),(1867,39,1,24.02,'2019-05-11 17:16:52.375'),(1868,39,2,220,'2019-05-11 17:16:52.375'),(1869,39,3,2.4,'2019-05-11 17:16:52.375'),(1870,39,1,20.22,'2019-05-11 17:16:53.377'),(1871,39,2,220,'2019-05-11 17:16:53.377'),(1872,39,3,2.02,'2019-05-11 17:16:53.377'),(1873,39,1,28.81,'2019-05-11 17:16:54.377'),(1874,39,2,220,'2019-05-11 17:16:54.377'),(1875,39,3,2.88,'2019-05-11 17:16:54.377'),(1876,39,1,19.95,'2019-05-11 17:16:55.379'),(1877,39,2,220,'2019-05-11 17:16:55.379'),(1878,39,3,1.99,'2019-05-11 17:16:55.379'),(1879,39,1,29.38,'2019-05-11 17:16:56.389'),(1880,39,2,220,'2019-05-11 17:16:56.389'),(1881,39,3,2.94,'2019-05-11 17:16:56.389'),(1882,39,1,25.1,'2019-05-11 17:16:57.388'),(1883,39,2,220,'2019-05-11 17:16:57.388'),(1884,39,3,2.51,'2019-05-11 17:16:57.388'),(1885,39,1,24.6,'2019-05-11 17:16:58.385'),(1886,39,2,220,'2019-05-11 17:16:58.385'),(1887,39,3,2.46,'2019-05-11 17:16:58.385'),(1888,39,1,23.19,'2019-05-11 17:16:59.383'),(1889,39,2,220,'2019-05-11 17:16:59.383'),(1890,39,3,2.32,'2019-05-11 17:16:59.383'),(1891,39,1,25.8,'2019-05-11 17:17:00.387'),(1892,39,2,220,'2019-05-11 17:17:00.387'),(1893,39,3,2.58,'2019-05-11 17:17:00.387'),(1894,39,1,20.84,'2019-05-11 17:17:01.384'),(1895,39,2,220,'2019-05-11 17:17:01.384'),(1896,39,3,2.08,'2019-05-11 17:17:01.384'),(1897,39,1,24.34,'2019-05-11 17:17:02.387'),(1898,39,2,220,'2019-05-11 17:17:02.387'),(1899,39,3,2.43,'2019-05-11 17:17:02.387'),(1900,39,1,29.32,'2019-05-11 17:17:03.387'),(1901,39,2,220,'2019-05-11 17:17:03.387'),(1902,39,3,2.93,'2019-05-11 17:17:03.387'),(1903,39,1,23.24,'2019-05-11 17:17:04.383'),(1904,39,2,220,'2019-05-11 17:17:04.383'),(1905,39,3,2.32,'2019-05-11 17:17:04.383'),(1906,39,1,31.34,'2019-05-11 17:17:05.381'),(1907,39,2,220,'2019-05-11 17:17:05.381'),(1908,39,3,3.13,'2019-05-11 17:17:05.381'),(1909,39,1,32.03,'2019-05-11 17:17:06.379'),(1910,39,2,220,'2019-05-11 17:17:06.379'),(1911,39,3,3.2,'2019-05-11 17:17:06.379'),(1912,39,1,27.6,'2019-05-11 17:17:07.378'),(1913,39,2,220,'2019-05-11 17:17:07.378'),(1914,39,3,2.76,'2019-05-11 17:17:07.378'),(1915,39,1,22.66,'2019-05-11 17:17:08.371'),(1916,39,2,220,'2019-05-11 17:17:08.371'),(1917,39,3,2.27,'2019-05-11 17:17:08.371'),(1918,39,1,22.66,'2019-05-11 17:17:09.373'),(1919,39,2,220,'2019-05-11 17:17:09.373'),(1920,39,3,2.27,'2019-05-11 17:17:09.373'),(1921,39,1,32.37,'2019-05-11 17:17:10.369'),(1922,39,2,220,'2019-05-11 17:17:10.369'),(1923,39,3,3.24,'2019-05-11 17:17:10.369'),(1924,39,1,33.56,'2019-05-11 17:17:11.365'),(1925,39,2,220,'2019-05-11 17:17:11.365'),(1926,39,3,3.36,'2019-05-11 17:17:11.365'),(1927,39,1,31.61,'2019-05-11 17:17:12.362'),(1928,39,2,220,'2019-05-11 17:17:12.362'),(1929,39,3,3.16,'2019-05-11 17:17:12.362'),(1930,39,1,30.1,'2019-05-11 17:17:13.368'),(1931,39,2,220,'2019-05-11 17:17:13.368'),(1932,39,3,3.01,'2019-05-11 17:17:13.368'),(1933,39,1,30.2,'2019-05-11 17:17:14.379'),(1934,39,2,220,'2019-05-11 17:17:14.379'),(1935,39,3,3.02,'2019-05-11 17:17:14.379'),(1936,39,1,33.16,'2019-05-11 17:17:15.380'),(1937,39,2,220,'2019-05-11 17:17:15.380'),(1938,39,3,3.32,'2019-05-11 17:17:15.380'),(1939,39,1,26.9,'2019-05-11 17:17:16.383'),(1940,39,2,220,'2019-05-11 17:17:16.383'),(1941,39,3,2.69,'2019-05-11 17:17:16.383'),(1942,39,1,24.17,'2019-05-11 17:17:17.388'),(1943,39,2,220,'2019-05-11 17:17:17.388'),(1944,39,3,2.42,'2019-05-11 17:17:17.388'),(1945,39,1,33.25,'2019-05-11 17:17:18.387'),(1946,39,2,220,'2019-05-11 17:17:18.387'),(1947,39,3,3.33,'2019-05-11 17:17:18.387'),(1948,39,1,36.4,'2019-05-11 17:17:19.384'),(1949,39,2,220,'2019-05-11 17:17:19.384'),(1950,39,3,3.64,'2019-05-11 17:17:19.384'),(1951,39,1,26.87,'2019-05-11 17:17:20.379'),(1952,39,2,220,'2019-05-11 17:17:20.379'),(1953,39,3,2.69,'2019-05-11 17:17:20.379'),(1954,39,1,36.44,'2019-05-11 17:17:21.381'),(1955,39,2,220,'2019-05-11 17:17:21.381'),(1956,39,3,3.64,'2019-05-11 17:17:21.381'),(1957,39,1,28.17,'2019-05-11 17:17:22.380'),(1958,39,2,220,'2019-05-11 17:17:22.380'),(1959,39,3,2.82,'2019-05-11 17:17:22.380'),(1960,39,1,33.8,'2019-05-11 17:17:23.378'),(1961,39,2,220,'2019-05-11 17:17:23.378'),(1962,39,3,3.38,'2019-05-11 17:17:23.378'),(1963,39,1,27.83,'2019-05-11 17:17:24.378'),(1964,39,2,220,'2019-05-11 17:17:24.378'),(1965,39,3,2.78,'2019-05-11 17:17:24.378'),(1966,39,1,27.16,'2019-05-11 17:17:25.376'),(1967,39,2,220,'2019-05-11 17:17:25.376'),(1968,39,3,2.72,'2019-05-11 17:17:25.376'),(1969,39,1,35.73,'2019-05-11 17:17:26.383'),(1970,39,2,220,'2019-05-11 17:17:26.383'),(1971,39,3,3.57,'2019-05-11 17:17:26.383'),(1972,39,1,35.89,'2019-05-11 17:17:27.383'),(1973,39,2,220,'2019-05-11 17:17:27.383'),(1974,39,3,3.59,'2019-05-11 17:17:27.383'),(1975,39,1,29.94,'2019-05-11 17:17:28.383'),(1976,39,2,220,'2019-05-11 17:17:28.383'),(1977,39,3,2.99,'2019-05-11 17:17:28.383'),(1978,39,1,37.59,'2019-05-11 17:17:29.378'),(1979,39,2,220,'2019-05-11 17:17:29.378'),(1980,39,3,3.76,'2019-05-11 17:17:29.378'),(1981,39,1,37.99,'2019-05-11 17:17:30.386'),(1982,39,2,220,'2019-05-11 17:17:30.386'),(1983,39,3,3.8,'2019-05-11 17:17:30.386'),(1984,39,1,30.41,'2019-05-11 17:17:31.390'),(1985,39,2,220,'2019-05-11 17:17:31.390'),(1986,39,3,3.04,'2019-05-11 17:17:31.390'),(1987,39,1,35.18,'2019-05-11 17:17:32.388'),(1988,39,2,220,'2019-05-11 17:17:32.388'),(1989,39,3,3.52,'2019-05-11 17:17:32.388'),(1990,39,1,37.71,'2019-05-11 17:17:33.389'),(1991,39,2,220,'2019-05-11 17:17:33.389'),(1992,39,3,3.77,'2019-05-11 17:17:33.389'),(1993,39,1,37.01,'2019-05-11 17:17:34.387'),(1994,39,2,220,'2019-05-11 17:17:34.387'),(1995,39,3,3.7,'2019-05-11 17:17:34.387'),(1996,39,1,39.04,'2019-05-11 17:17:35.385'),(1997,39,2,220,'2019-05-11 17:17:35.385'),(1998,39,3,3.9,'2019-05-11 17:17:35.385'),(1999,39,1,35.24,'2019-05-11 17:17:36.383'),(2000,39,2,220,'2019-05-11 17:17:36.383'),(2001,39,3,3.52,'2019-05-11 17:17:36.383'),(2002,39,1,31.79,'2019-05-11 17:17:37.383'),(2003,39,2,220,'2019-05-11 17:17:37.383'),(2004,39,3,3.18,'2019-05-11 17:17:37.383'),(2005,39,1,38.89,'2019-05-11 17:17:38.381'),(2006,39,2,220,'2019-05-11 17:17:38.381'),(2007,39,3,3.89,'2019-05-11 17:17:38.381'),(2008,39,1,33.71,'2019-05-11 17:17:39.370'),(2009,39,2,220,'2019-05-11 17:17:39.370'),(2010,39,3,3.37,'2019-05-11 17:17:39.370'),(2011,39,1,31.43,'2019-05-11 17:17:40.369'),(2012,39,2,220,'2019-05-11 17:17:40.369'),(2013,39,3,3.14,'2019-05-11 17:17:40.369'),(2014,39,1,40.37,'2019-05-11 17:17:41.374'),(2015,39,2,220,'2019-05-11 17:17:41.374'),(2016,39,3,4.04,'2019-05-11 17:17:41.374'),(2017,39,1,40.92,'2019-05-11 17:17:42.378'),(2018,39,2,220,'2019-05-11 17:17:42.378'),(2019,39,3,4.09,'2019-05-11 17:17:42.378'),(2020,39,1,32.89,'2019-05-11 17:17:43.369'),(2021,39,2,220,'2019-05-11 17:17:43.369'),(2022,39,3,3.29,'2019-05-11 17:17:43.369'),(2023,39,1,35.17,'2019-05-11 17:17:44.372'),(2024,39,2,220,'2019-05-11 17:17:44.372'),(2025,39,3,3.52,'2019-05-11 17:17:44.372'),(2026,39,1,37.66,'2019-05-11 17:17:45.366'),(2027,39,2,220,'2019-05-11 17:17:45.366'),(2028,39,3,3.77,'2019-05-11 17:17:45.366'),(2029,39,1,35.84,'2019-05-11 17:17:46.367'),(2030,39,2,220,'2019-05-11 17:17:46.367'),(2031,39,3,3.58,'2019-05-11 17:17:46.367'),(2032,39,1,41.49,'2019-05-11 17:17:47.378'),(2033,39,2,220,'2019-05-11 17:17:47.378'),(2034,39,3,4.15,'2019-05-11 17:17:47.378'),(2035,39,1,36.05,'2019-05-11 17:17:48.373'),(2036,39,2,220,'2019-05-11 17:17:48.373'),(2037,39,3,3.6,'2019-05-11 17:17:48.373'),(2038,39,1,32.18,'2019-05-11 17:17:49.366'),(2039,39,2,220,'2019-05-11 17:17:49.366'),(2040,39,3,3.22,'2019-05-11 17:17:49.366'),(2041,39,1,34.07,'2019-05-11 17:17:50.374'),(2042,39,2,220,'2019-05-11 17:17:50.374'),(2043,39,3,3.41,'2019-05-11 17:17:50.374'),(2044,39,1,35.31,'2019-05-11 17:17:51.363'),(2045,39,2,220,'2019-05-11 17:17:51.363'),(2046,39,3,3.53,'2019-05-11 17:17:51.363'),(2047,39,1,32.44,'2019-05-11 17:17:52.378'),(2048,39,2,220,'2019-05-11 17:17:52.378'),(2049,39,3,3.24,'2019-05-11 17:17:52.378'),(2050,39,1,39.46,'2019-05-11 17:17:53.378'),(2051,39,2,220,'2019-05-11 17:17:53.378'),(2052,39,3,3.95,'2019-05-11 17:17:53.378'),(2053,39,1,43.67,'2019-05-11 17:17:54.376'),(2054,39,2,220,'2019-05-11 17:17:54.376'),(2055,39,3,4.37,'2019-05-11 17:17:54.376'),(2056,39,1,31.51,'2019-05-11 17:17:55.371'),(2057,39,2,220,'2019-05-11 17:17:55.371'),(2058,39,3,3.15,'2019-05-11 17:17:55.371'),(2059,39,1,41.91,'2019-05-11 17:17:56.366'),(2060,39,2,220,'2019-05-11 17:17:56.366'),(2061,39,3,4.19,'2019-05-11 17:17:56.366'),(2062,39,1,36.32,'2019-05-11 17:17:57.365'),(2063,39,2,220,'2019-05-11 17:17:57.365'),(2064,39,3,3.63,'2019-05-11 17:17:57.365'),(2065,39,1,44.96,'2019-05-11 17:17:58.370'),(2066,39,2,220,'2019-05-11 17:17:58.370'),(2067,39,3,4.5,'2019-05-11 17:17:58.370'),(2068,39,1,36.77,'2019-05-11 17:17:59.363'),(2069,39,2,220,'2019-05-11 17:17:59.363'),(2070,39,3,3.68,'2019-05-11 17:17:59.363'),(2071,39,1,42.66,'2019-05-11 17:18:00.367'),(2072,39,2,220,'2019-05-11 17:18:00.367'),(2073,39,3,4.27,'2019-05-11 17:18:00.367'),(2074,39,1,38.78,'2019-05-11 17:18:01.370'),(2075,39,2,220,'2019-05-11 17:18:01.370'),(2076,39,3,3.88,'2019-05-11 17:18:01.370'),(2077,39,1,34.59,'2019-05-11 17:18:02.363'),(2078,39,2,220,'2019-05-11 17:18:02.363'),(2079,39,3,3.46,'2019-05-11 17:18:02.363'),(2080,39,1,47.43,'2019-05-11 17:18:03.369'),(2081,39,2,220,'2019-05-11 17:18:03.369'),(2082,39,3,4.74,'2019-05-11 17:18:03.369'),(2083,39,1,34.01,'2019-05-11 17:18:04.370'),(2084,39,2,220,'2019-05-11 17:18:04.370'),(2085,39,3,3.4,'2019-05-11 17:18:04.370'),(2086,39,1,41.6,'2019-05-11 17:18:05.363'),(2087,39,2,220,'2019-05-11 17:18:05.363'),(2088,39,3,4.16,'2019-05-11 17:18:05.363'),(2089,39,1,35.79,'2019-05-11 17:18:06.366'),(2090,39,2,220,'2019-05-11 17:18:06.366'),(2091,39,3,3.58,'2019-05-11 17:18:06.366'),(2092,39,1,44.92,'2019-05-11 17:18:07.369'),(2093,39,2,220,'2019-05-11 17:18:07.369'),(2094,39,3,4.49,'2019-05-11 17:18:07.369'),(2095,39,1,44.06,'2019-05-11 17:18:08.380'),(2096,39,2,220,'2019-05-11 17:18:08.380'),(2097,39,3,4.41,'2019-05-11 17:18:08.380'),(2098,39,1,33.98,'2019-05-11 17:18:09.380'),(2099,39,2,220,'2019-05-11 17:18:09.380'),(2100,39,3,3.4,'2019-05-11 17:18:09.380'),(2101,39,1,36.97,'2019-05-11 17:18:10.378'),(2102,39,2,220,'2019-05-11 17:18:10.378'),(2103,39,3,3.7,'2019-05-11 17:18:10.378'),(2104,39,1,36.69,'2019-05-11 17:18:11.375'),(2105,39,2,220,'2019-05-11 17:18:11.375'),(2106,39,3,3.67,'2019-05-11 17:18:11.375'),(2107,39,1,49.34,'2019-05-11 17:18:12.377'),(2108,39,2,220,'2019-05-11 17:18:12.377'),(2109,39,3,4.93,'2019-05-11 17:18:12.377'),(2110,39,1,43.21,'2019-05-11 17:18:13.371'),(2111,39,2,220,'2019-05-11 17:18:13.371'),(2112,39,3,4.32,'2019-05-11 17:18:13.371'),(2113,39,1,41.01,'2019-05-11 17:18:14.369'),(2114,39,2,220,'2019-05-11 17:18:14.369'),(2115,39,3,4.1,'2019-05-11 17:18:14.369'),(2116,39,1,40.02,'2019-05-11 17:18:15.369'),(2117,39,2,220,'2019-05-11 17:18:15.369'),(2118,39,3,4,'2019-05-11 17:18:15.369'),(2119,39,1,42.96,'2019-05-11 17:18:16.368'),(2120,39,2,220,'2019-05-11 17:18:16.368'),(2121,39,3,4.3,'2019-05-11 17:18:16.368'),(2122,39,1,43.28,'2019-05-11 17:18:17.367'),(2123,39,2,220,'2019-05-11 17:18:17.367'),(2124,39,3,4.33,'2019-05-11 17:18:17.367'),(2125,39,1,35.76,'2019-05-11 17:18:18.371'),(2126,39,2,220,'2019-05-11 17:18:18.371'),(2127,39,3,3.58,'2019-05-11 17:18:18.371'),(2128,39,1,37.49,'2019-05-11 17:18:19.372'),(2129,39,2,220,'2019-05-11 17:18:19.372'),(2130,39,3,3.75,'2019-05-11 17:18:19.372'),(2131,39,1,43.83,'2019-05-11 17:18:20.393'),(2132,39,2,220,'2019-05-11 17:18:20.393'),(2133,39,3,4.38,'2019-05-11 17:18:20.393'),(2134,39,1,52.16,'2019-05-11 17:18:21.368'),(2135,39,2,220,'2019-05-11 17:18:21.368'),(2136,39,3,5.22,'2019-05-11 17:18:21.368'),(2137,39,1,42.21,'2019-05-11 17:18:22.367'),(2138,39,2,220,'2019-05-11 17:18:22.367'),(2139,39,3,4.22,'2019-05-11 17:18:22.367'),(2140,39,1,45.18,'2019-05-11 17:18:23.365'),(2141,39,2,220,'2019-05-11 17:18:23.365'),(2142,39,3,4.52,'2019-05-11 17:18:23.365'),(2143,39,1,38.11,'2019-05-11 17:18:24.372'),(2144,39,2,220,'2019-05-11 17:18:24.372'),(2145,39,3,3.81,'2019-05-11 17:18:24.372'),(2146,39,1,49.07,'2019-05-11 17:18:25.378'),(2147,39,2,220,'2019-05-11 17:18:25.378'),(2148,39,3,4.91,'2019-05-11 17:18:25.378'),(2149,39,1,45.9,'2019-05-11 17:18:26.375'),(2150,39,2,220,'2019-05-11 17:18:26.375'),(2151,39,3,4.59,'2019-05-11 17:18:26.375'),(2152,39,1,40.23,'2019-05-11 17:18:27.377'),(2153,39,2,220,'2019-05-11 17:18:27.377'),(2154,39,3,4.02,'2019-05-11 17:18:27.377'),(2155,39,1,50.81,'2019-05-11 17:18:28.373'),(2156,39,2,220,'2019-05-11 17:18:28.373'),(2157,39,3,5.08,'2019-05-11 17:18:28.373'),(2158,39,1,39.63,'2019-05-11 17:18:29.371'),(2159,39,2,220,'2019-05-11 17:18:29.371'),(2160,39,3,3.96,'2019-05-11 17:18:29.371'),(2161,39,1,36.51,'2019-05-11 17:18:30.365'),(2162,39,2,220,'2019-05-11 17:18:30.365'),(2163,39,3,3.65,'2019-05-11 17:18:30.365'),(2164,39,1,47.48,'2019-05-11 17:18:31.367'),(2165,39,2,220,'2019-05-11 17:18:31.367'),(2166,39,3,4.75,'2019-05-11 17:18:31.367'),(2167,39,1,42.28,'2019-05-11 17:18:32.363'),(2168,39,2,220,'2019-05-11 17:18:32.363'),(2169,39,3,4.23,'2019-05-11 17:18:32.363'),(2170,39,1,37.75,'2019-05-11 17:18:33.367'),(2171,39,2,220,'2019-05-11 17:18:33.367'),(2172,39,3,3.77,'2019-05-11 17:18:33.367'),(2173,39,1,48.98,'2019-05-11 17:18:34.366'),(2174,39,2,220,'2019-05-11 17:18:34.366'),(2175,39,3,4.9,'2019-05-11 17:18:34.366'),(2176,39,1,42.43,'2019-05-11 17:18:35.368'),(2177,39,2,220,'2019-05-11 17:18:35.368'),(2178,39,3,4.24,'2019-05-11 17:18:35.368'),(2179,39,1,43.12,'2019-05-11 17:18:36.367'),(2180,39,2,220,'2019-05-11 17:18:36.367'),(2181,39,3,4.31,'2019-05-11 17:18:36.367'),(2182,39,1,43.64,'2019-05-11 17:18:37.362'),(2183,39,2,220,'2019-05-11 17:18:37.362'),(2184,39,3,4.36,'2019-05-11 17:18:37.362'),(2185,39,1,52.1,'2019-05-11 17:18:38.355'),(2186,39,2,220,'2019-05-11 17:18:38.355'),(2187,39,3,5.21,'2019-05-11 17:18:38.355'),(2188,39,1,44.56,'2019-05-11 17:18:39.358'),(2189,39,2,220,'2019-05-11 17:18:39.358'),(2190,39,3,4.46,'2019-05-11 17:18:39.358'),(2191,39,1,37.25,'2019-05-11 17:18:40.359'),(2192,39,2,220,'2019-05-11 17:18:40.359'),(2193,39,3,3.73,'2019-05-11 17:18:40.359'),(2194,39,1,42.6,'2019-05-11 17:18:41.356'),(2195,39,2,220,'2019-05-11 17:18:41.356'),(2196,39,3,4.26,'2019-05-11 17:18:41.356'),(2197,39,1,51.23,'2019-05-11 17:18:42.354'),(2198,39,2,220,'2019-05-11 17:18:42.354'),(2199,39,3,5.12,'2019-05-11 17:18:42.354'),(2200,39,1,38.3,'2019-05-11 17:18:43.345'),(2201,39,2,220,'2019-05-11 17:18:43.345'),(2202,39,3,3.83,'2019-05-11 17:18:43.345'),(2203,39,1,52.14,'2019-05-11 17:18:44.342'),(2204,39,2,220,'2019-05-11 17:18:44.342'),(2205,39,3,5.21,'2019-05-11 17:18:44.342'),(2206,39,1,51.55,'2019-05-11 17:18:45.336'),(2207,39,2,220,'2019-05-11 17:18:45.336'),(2208,39,3,5.15,'2019-05-11 17:18:45.336'),(2209,39,1,42.73,'2019-05-11 17:18:46.335'),(2210,39,2,220,'2019-05-11 17:18:46.335'),(2211,39,3,4.27,'2019-05-11 17:18:46.335'),(2212,39,1,42.77,'2019-05-11 17:18:47.339'),(2213,39,2,220,'2019-05-11 17:18:47.339'),(2214,39,3,4.28,'2019-05-11 17:18:47.339'),(2215,39,1,52.22,'2019-05-11 17:18:48.345'),(2216,39,2,220,'2019-05-11 17:18:48.345'),(2217,39,3,5.22,'2019-05-11 17:18:48.345'),(2218,39,1,42.45,'2019-05-11 17:18:49.347'),(2219,39,2,220,'2019-05-11 17:18:49.347'),(2220,39,3,4.25,'2019-05-11 17:18:49.347'),(2221,39,1,38.7,'2019-05-11 17:18:50.353'),(2222,39,2,220,'2019-05-11 17:18:50.353'),(2223,39,3,3.87,'2019-05-11 17:18:50.353'),(2224,39,1,44.02,'2019-05-11 17:18:51.358'),(2225,39,2,220,'2019-05-11 17:18:51.358'),(2226,39,3,4.4,'2019-05-11 17:18:51.358'),(2227,39,1,50.13,'2019-05-11 17:18:52.355'),(2228,39,2,220,'2019-05-11 17:18:52.355'),(2229,39,3,5.01,'2019-05-11 17:18:52.355'),(2230,39,1,50.06,'2019-05-11 17:18:53.360'),(2231,39,2,220,'2019-05-11 17:18:53.360'),(2232,39,3,5.01,'2019-05-11 17:18:53.360'),(2233,39,1,40.52,'2019-05-11 17:18:54.358'),(2234,39,2,220,'2019-05-11 17:18:54.358'),(2235,39,3,4.05,'2019-05-11 17:18:54.358'),(2236,39,1,41.34,'2019-05-11 17:18:55.363'),(2237,39,2,220,'2019-05-11 17:18:55.363'),(2238,39,3,4.13,'2019-05-11 17:18:55.363'),(2239,39,1,54.71,'2019-05-11 17:18:56.369'),(2240,39,2,220,'2019-05-11 17:18:56.369'),(2241,39,3,5.47,'2019-05-11 17:18:56.369'),(2242,39,1,49.39,'2019-05-11 17:18:57.367'),(2243,39,2,220,'2019-05-11 17:18:57.367'),(2244,39,3,4.94,'2019-05-11 17:18:57.367'),(2245,39,1,45.78,'2019-05-11 17:18:58.378'),(2246,39,2,220,'2019-05-11 17:18:58.378'),(2247,39,3,4.58,'2019-05-11 17:18:58.378'),(2248,39,1,45.93,'2019-05-11 17:18:59.380'),(2249,39,2,220,'2019-05-11 17:18:59.380'),(2250,39,3,4.59,'2019-05-11 17:18:59.380'),(2251,39,1,43.48,'2019-05-11 17:19:00.379'),(2252,39,2,220,'2019-05-11 17:19:00.379'),(2253,39,3,4.35,'2019-05-11 17:19:00.379'),(2254,39,1,40.79,'2019-05-11 17:19:01.379'),(2255,39,2,220,'2019-05-11 17:19:01.379'),(2256,39,3,4.08,'2019-05-11 17:19:01.379'),(2257,39,1,43.67,'2019-05-11 17:19:02.373'),(2258,39,2,220,'2019-05-11 17:19:02.373'),(2259,39,3,4.37,'2019-05-11 17:19:02.373'),(2260,39,1,55.96,'2019-05-11 17:19:03.377'),(2261,39,2,220,'2019-05-11 17:19:03.377'),(2262,39,3,5.6,'2019-05-11 17:19:03.377'),(2263,39,1,51.58,'2019-05-11 17:19:04.385'),(2264,39,2,220,'2019-05-11 17:19:04.385'),(2265,39,3,5.16,'2019-05-11 17:19:04.385'),(2266,39,1,42.34,'2019-05-11 17:19:05.389'),(2267,39,2,220,'2019-05-11 17:19:05.389'),(2268,39,3,4.23,'2019-05-11 17:19:05.389'),(2269,39,1,40.41,'2019-05-11 17:19:06.383'),(2270,39,2,220,'2019-05-11 17:19:06.383'),(2271,39,3,4.04,'2019-05-11 17:19:06.383'),(2272,39,1,44.6,'2019-05-11 17:19:07.383'),(2273,39,2,220,'2019-05-11 17:19:07.383'),(2274,39,3,4.46,'2019-05-11 17:19:07.383'),(2275,39,1,41.65,'2019-05-11 17:19:08.387'),(2276,39,2,220,'2019-05-11 17:19:08.387'),(2277,39,3,4.17,'2019-05-11 17:19:08.387'),(2278,39,1,57.17,'2019-05-11 17:19:09.393'),(2279,39,2,220,'2019-05-11 17:19:09.393'),(2280,39,3,5.72,'2019-05-11 17:19:09.393'),(2281,39,1,39.53,'2019-05-11 17:19:10.396'),(2282,39,2,220,'2019-05-11 17:19:10.396'),(2283,39,3,3.95,'2019-05-11 17:19:10.396'),(2284,39,1,42.79,'2019-05-11 17:19:11.404'),(2285,39,2,220,'2019-05-11 17:19:11.404'),(2286,39,3,4.28,'2019-05-11 17:19:11.404'),(2287,39,1,56.31,'2019-05-11 17:19:12.408'),(2288,39,2,220,'2019-05-11 17:19:12.408'),(2289,39,3,5.63,'2019-05-11 17:19:12.408'),(2290,39,1,50.24,'2019-05-11 17:19:13.405'),(2291,39,2,220,'2019-05-11 17:19:13.405'),(2292,39,3,5.02,'2019-05-11 17:19:13.405'),(2293,39,1,55.68,'2019-05-11 17:19:14.402'),(2294,39,2,220,'2019-05-11 17:19:14.402'),(2295,39,3,5.57,'2019-05-11 17:19:14.402'),(2296,39,1,47.78,'2019-05-11 17:19:15.396'),(2297,39,2,220,'2019-05-11 17:19:15.396'),(2298,39,3,4.78,'2019-05-11 17:19:15.396'),(2299,39,1,42.08,'2019-05-11 17:19:16.394'),(2300,39,2,220,'2019-05-11 17:19:16.394'),(2301,39,3,4.21,'2019-05-11 17:19:16.394'),(2302,39,1,56.82,'2019-05-11 17:19:17.393'),(2303,39,2,220,'2019-05-11 17:19:17.393'),(2304,39,3,5.68,'2019-05-11 17:19:17.393'),(2305,39,1,53.49,'2019-05-11 17:19:18.390'),(2306,39,2,220,'2019-05-11 17:19:18.390'),(2307,39,3,5.35,'2019-05-11 17:19:18.390'),(2308,39,1,48.14,'2019-05-11 17:19:19.391'),(2309,39,2,220,'2019-05-11 17:19:19.391'),(2310,39,3,4.81,'2019-05-11 17:19:19.391'),(2311,39,1,44.55,'2019-05-11 17:19:20.391'),(2312,39,2,220,'2019-05-11 17:19:20.391'),(2313,39,3,4.46,'2019-05-11 17:19:20.391'),(2314,39,1,53.35,'2019-05-11 17:19:21.389'),(2315,39,2,220,'2019-05-11 17:19:21.389'),(2316,39,3,5.33,'2019-05-11 17:19:21.389'),(2317,39,1,48.88,'2019-05-11 17:19:22.387'),(2318,39,2,220,'2019-05-11 17:19:22.387'),(2319,39,3,4.89,'2019-05-11 17:19:22.387'),(2320,39,1,45.65,'2019-05-11 17:19:23.385'),(2321,39,2,220,'2019-05-11 17:19:23.385'),(2322,39,3,4.56,'2019-05-11 17:19:23.385'),(2323,39,1,53.12,'2019-05-11 17:19:24.383'),(2324,39,2,220,'2019-05-11 17:19:24.383'),(2325,39,3,5.31,'2019-05-11 17:19:24.383'),(2326,39,1,43.35,'2019-05-11 17:19:25.384'),(2327,39,2,220,'2019-05-11 17:19:25.384'),(2328,39,3,4.33,'2019-05-11 17:19:25.384'),(2329,39,1,48.12,'2019-05-11 17:19:26.381'),(2330,39,2,220,'2019-05-11 17:19:26.381'),(2331,39,3,4.81,'2019-05-11 17:19:26.381'),(2332,39,1,55.05,'2019-05-11 17:19:27.387'),(2333,39,2,220,'2019-05-11 17:19:27.387'),(2334,39,3,5.5,'2019-05-11 17:19:27.387'),(2335,39,1,45.48,'2019-05-11 17:19:28.395'),(2336,39,2,220,'2019-05-11 17:19:28.395'),(2337,39,3,4.55,'2019-05-11 17:19:28.395'),(2338,39,1,41.93,'2019-05-11 17:19:29.388'),(2339,39,2,220,'2019-05-11 17:19:29.388'),(2340,39,3,4.19,'2019-05-11 17:19:29.388'),(2341,39,1,56.51,'2019-05-11 17:19:30.395'),(2342,39,2,220,'2019-05-11 17:19:30.395'),(2343,39,3,5.65,'2019-05-11 17:19:30.395'),(2344,39,1,51.93,'2019-05-11 17:19:31.401'),(2345,39,2,220,'2019-05-11 17:19:31.401'),(2346,39,3,5.19,'2019-05-11 17:19:31.401'),(2347,39,1,57.13,'2019-05-11 17:19:32.401'),(2348,39,2,220,'2019-05-11 17:19:32.401'),(2349,39,3,5.71,'2019-05-11 17:19:32.401'),(2350,39,1,47.52,'2019-05-11 17:19:33.407'),(2351,39,2,220,'2019-05-11 17:19:33.407'),(2352,39,3,4.75,'2019-05-11 17:19:33.407'),(2353,39,1,49.73,'2019-05-11 17:19:34.409'),(2354,39,2,220,'2019-05-11 17:19:34.409'),(2355,39,3,4.97,'2019-05-11 17:19:34.409'),(2356,39,1,55.16,'2019-05-11 17:19:35.407'),(2357,39,2,220,'2019-05-11 17:19:35.407'),(2358,39,3,5.52,'2019-05-11 17:19:35.407'),(2359,39,1,54.08,'2019-05-11 17:19:36.411'),(2360,39,2,220,'2019-05-11 17:19:36.411'),(2361,39,3,5.41,'2019-05-11 17:19:36.411'),(2362,39,1,54.46,'2019-05-11 17:19:37.414'),(2363,39,2,220,'2019-05-11 17:19:37.414'),(2364,39,3,5.45,'2019-05-11 17:19:37.414'),(2365,39,1,42.32,'2019-05-11 17:19:38.411'),(2366,39,2,220,'2019-05-11 17:19:38.411'),(2367,39,3,4.23,'2019-05-11 17:19:38.411'),(2368,39,1,50.26,'2019-05-11 17:19:39.417'),(2369,39,2,220,'2019-05-11 17:19:39.417'),(2370,39,3,5.03,'2019-05-11 17:19:39.417'),(2371,39,1,40.6,'2019-05-11 17:19:40.415'),(2372,39,2,220,'2019-05-11 17:19:40.415'),(2373,39,3,4.06,'2019-05-11 17:19:40.415'),(2374,39,1,52.66,'2019-05-11 17:19:41.421'),(2375,39,2,220,'2019-05-11 17:19:41.421'),(2376,39,3,5.27,'2019-05-11 17:19:41.421'),(2377,39,1,50.25,'2019-05-11 17:19:42.423'),(2378,39,2,220,'2019-05-11 17:19:42.423'),(2379,39,3,5.03,'2019-05-11 17:19:42.423'),(2380,39,1,43.43,'2019-05-11 17:19:43.418'),(2381,39,2,220,'2019-05-11 17:19:43.418'),(2382,39,3,4.34,'2019-05-11 17:19:43.418'),(2383,39,1,50.09,'2019-05-11 17:19:44.413'),(2384,39,2,220,'2019-05-11 17:19:44.413'),(2385,39,3,5.01,'2019-05-11 17:19:44.413'),(2386,39,1,56.44,'2019-05-11 17:19:45.408'),(2387,39,2,220,'2019-05-11 17:19:45.408'),(2388,39,3,5.64,'2019-05-11 17:19:45.408'),(2389,39,1,46.19,'2019-05-11 17:19:46.408'),(2390,39,2,220,'2019-05-11 17:19:46.408'),(2391,39,3,4.62,'2019-05-11 17:19:46.408'),(2392,39,1,41.44,'2019-05-11 17:19:47.404'),(2393,39,2,220,'2019-05-11 17:19:47.404'),(2394,39,3,4.14,'2019-05-11 17:19:47.404'),(2395,39,1,43.47,'2019-05-11 17:19:48.411'),(2396,39,2,220,'2019-05-11 17:19:48.411'),(2397,39,3,4.35,'2019-05-11 17:19:48.411'),(2398,39,1,41.55,'2019-05-11 17:19:49.417'),(2399,39,2,220,'2019-05-11 17:19:49.417'),(2400,39,3,4.15,'2019-05-11 17:19:49.417'),(2401,39,1,52.96,'2019-05-11 17:19:50.421'),(2402,39,2,220,'2019-05-11 17:19:50.421'),(2403,39,3,5.3,'2019-05-11 17:19:50.421'),(2404,39,1,49.16,'2019-05-11 17:19:51.430'),(2405,39,2,220,'2019-05-11 17:19:51.430'),(2406,39,3,4.92,'2019-05-11 17:19:51.430'),(2407,39,1,40.22,'2019-05-11 17:19:52.425'),(2408,39,2,220,'2019-05-11 17:19:52.425'),(2409,39,3,4.02,'2019-05-11 17:19:52.425'),(2410,39,1,58.24,'2019-05-11 17:19:53.431'),(2411,39,2,220,'2019-05-11 17:19:53.431'),(2412,39,3,5.82,'2019-05-11 17:19:53.431'),(2413,39,1,44.58,'2019-05-11 17:19:54.431'),(2414,39,2,220,'2019-05-11 17:19:54.431'),(2415,39,3,4.46,'2019-05-11 17:19:54.431'),(2416,39,1,51.82,'2019-05-11 17:19:55.438'),(2417,39,2,220,'2019-05-11 17:19:55.438'),(2418,39,3,5.18,'2019-05-11 17:19:55.438'),(2419,39,1,55.48,'2019-05-11 17:19:56.432'),(2420,39,2,220,'2019-05-11 17:19:56.432'),(2421,39,3,5.55,'2019-05-11 17:19:56.432'),(2422,39,1,48.17,'2019-05-11 17:19:57.435'),(2423,39,2,220,'2019-05-11 17:19:57.435'),(2424,39,3,4.82,'2019-05-11 17:19:57.435'),(2425,39,1,50.51,'2019-05-11 17:19:58.442'),(2426,39,2,220,'2019-05-11 17:19:58.442'),(2427,39,3,5.05,'2019-05-11 17:19:58.442'),(2428,39,1,51.37,'2019-05-11 17:19:59.441'),(2429,39,2,220,'2019-05-11 17:19:59.441'),(2430,39,3,5.14,'2019-05-11 17:19:59.441'),(2431,39,1,49.38,'2019-05-11 17:20:00.441'),(2432,39,2,220,'2019-05-11 17:20:00.441'),(2433,39,3,4.94,'2019-05-11 17:20:00.441'),(2434,39,1,42.56,'2019-05-11 17:20:01.443'),(2435,39,2,220,'2019-05-11 17:20:01.443'),(2436,39,3,4.26,'2019-05-11 17:20:01.443'),(2437,39,1,58.63,'2019-05-11 17:20:02.447'),(2438,39,2,220,'2019-05-11 17:20:02.447'),(2439,39,3,5.86,'2019-05-11 17:20:02.447'),(2440,39,1,40.83,'2019-05-11 17:20:03.452'),(2441,39,2,220,'2019-05-11 17:20:03.452'),(2442,39,3,4.08,'2019-05-11 17:20:03.452'),(2443,39,1,54.3,'2019-05-11 17:20:04.447'),(2444,39,2,220,'2019-05-11 17:20:04.447'),(2445,39,3,5.43,'2019-05-11 17:20:04.447'),(2446,39,1,58.43,'2019-05-11 17:20:05.443'),(2447,39,2,220,'2019-05-11 17:20:05.443'),(2448,39,3,5.84,'2019-05-11 17:20:05.443'),(2449,39,1,45.67,'2019-05-11 17:20:06.440'),(2450,39,2,220,'2019-05-11 17:20:06.440'),(2451,39,3,4.57,'2019-05-11 17:20:06.440'),(2452,39,1,45.75,'2019-05-11 17:20:07.438'),(2453,39,2,220,'2019-05-11 17:20:07.438'),(2454,39,3,4.58,'2019-05-11 17:20:07.438'),(2455,39,1,45.97,'2019-05-11 17:20:08.447'),(2456,39,2,220,'2019-05-11 17:20:08.447'),(2457,39,3,4.6,'2019-05-11 17:20:08.447'),(2458,39,1,49.67,'2019-05-11 17:20:09.439'),(2459,39,2,220,'2019-05-11 17:20:09.439'),(2460,39,3,4.97,'2019-05-11 17:20:09.439'),(2461,39,1,39.75,'2019-05-11 17:20:10.440'),(2462,39,2,220,'2019-05-11 17:20:10.440'),(2463,39,3,3.98,'2019-05-11 17:20:10.440'),(2464,39,1,38.93,'2019-05-11 17:20:11.438'),(2465,39,2,220,'2019-05-11 17:20:11.438'),(2466,39,3,3.89,'2019-05-11 17:20:11.438'),(2467,39,1,53.32,'2019-05-11 17:20:12.447'),(2468,39,2,220,'2019-05-11 17:20:12.447'),(2469,39,3,5.33,'2019-05-11 17:20:12.447'),(2470,39,1,43.61,'2019-05-11 17:20:13.441'),(2471,39,2,220,'2019-05-11 17:20:13.441'),(2472,39,3,4.36,'2019-05-11 17:20:13.441'),(2473,39,1,41.96,'2019-05-11 17:20:14.447'),(2474,39,2,220,'2019-05-11 17:20:14.447'),(2475,39,3,4.2,'2019-05-11 17:20:14.447'),(2476,39,1,49.72,'2019-05-11 17:20:15.443'),(2477,39,2,220,'2019-05-11 17:20:15.443'),(2478,39,3,4.97,'2019-05-11 17:20:15.443'),(2479,39,1,44.36,'2019-05-11 17:20:16.441'),(2480,39,2,220,'2019-05-11 17:20:16.441'),(2481,39,3,4.44,'2019-05-11 17:20:16.441'),(2482,39,1,51.09,'2019-05-11 17:20:17.435'),(2483,39,2,220,'2019-05-11 17:20:17.435'),(2484,39,3,5.11,'2019-05-11 17:20:17.435'),(2485,39,1,44.14,'2019-05-11 17:20:18.437'),(2486,39,2,220,'2019-05-11 17:20:18.437'),(2487,39,3,4.41,'2019-05-11 17:20:18.437'),(2488,39,1,52.5,'2019-05-11 17:20:19.446'),(2489,39,2,220,'2019-05-11 17:20:19.446'),(2490,39,3,5.25,'2019-05-11 17:20:19.446'),(2491,39,1,50.87,'2019-05-11 17:20:20.449'),(2492,39,2,220,'2019-05-11 17:20:20.449'),(2493,39,3,5.09,'2019-05-11 17:20:20.449'),(2494,39,1,55.66,'2019-05-11 17:20:21.446'),(2495,39,2,220,'2019-05-11 17:20:21.446'),(2496,39,3,5.57,'2019-05-11 17:20:21.446'),(2497,39,1,41.93,'2019-05-11 17:20:22.441'),(2498,39,2,220,'2019-05-11 17:20:22.441'),(2499,39,3,4.19,'2019-05-11 17:20:22.441'),(2500,39,1,53.85,'2019-05-11 17:20:23.437'),(2501,39,2,220,'2019-05-11 17:20:23.437'),(2502,39,3,5.38,'2019-05-11 17:20:23.437'),(2503,39,1,53.99,'2019-05-11 17:20:24.431'),(2504,39,2,220,'2019-05-11 17:20:24.431'),(2505,39,3,5.4,'2019-05-11 17:20:24.431'),(2506,39,1,50.34,'2019-05-11 17:20:25.429'),(2507,39,2,220,'2019-05-11 17:20:25.429'),(2508,39,3,5.03,'2019-05-11 17:20:25.429'),(2509,39,1,42.93,'2019-05-11 17:20:26.428'),(2510,39,2,220,'2019-05-11 17:20:26.428'),(2511,39,3,4.29,'2019-05-11 17:20:26.428'),(2512,39,1,55.36,'2019-05-11 17:20:27.431'),(2513,39,2,220,'2019-05-11 17:20:27.431'),(2514,39,3,5.54,'2019-05-11 17:20:27.431'),(2515,39,1,45.12,'2019-05-11 17:20:28.429'),(2516,39,2,220,'2019-05-11 17:20:28.429'),(2517,39,3,4.51,'2019-05-11 17:20:28.429'),(2518,39,1,42.58,'2019-05-11 17:20:29.431'),(2519,39,2,220,'2019-05-11 17:20:29.431'),(2520,39,3,4.26,'2019-05-11 17:20:29.431'),(2521,39,1,47.62,'2019-05-11 17:20:30.433'),(2522,39,2,220,'2019-05-11 17:20:30.433'),(2523,39,3,4.76,'2019-05-11 17:20:30.433'),(2524,39,1,50.87,'2019-05-11 17:20:31.439'),(2525,39,2,220,'2019-05-11 17:20:31.439'),(2526,39,3,5.09,'2019-05-11 17:20:31.439'),(2527,39,1,40.42,'2019-05-11 17:20:32.436'),(2528,39,2,220,'2019-05-11 17:20:32.436'),(2529,39,3,4.04,'2019-05-11 17:20:32.436'),(2530,39,1,46.42,'2019-05-11 17:20:33.437'),(2531,39,2,220,'2019-05-11 17:20:33.437'),(2532,39,3,4.64,'2019-05-11 17:20:33.437'),(2533,39,1,48.53,'2019-05-11 17:20:34.438'),(2534,39,2,220,'2019-05-11 17:20:34.438'),(2535,39,3,4.85,'2019-05-11 17:20:34.438'),(2536,39,1,39.47,'2019-05-11 17:20:35.443'),(2537,39,2,220,'2019-05-11 17:20:35.443'),(2538,39,3,3.95,'2019-05-11 17:20:35.443'),(2539,39,1,50.93,'2019-05-11 17:20:36.449'),(2540,39,2,220,'2019-05-11 17:20:36.449'),(2541,39,3,5.09,'2019-05-11 17:20:36.449'),(2542,39,1,41.53,'2019-05-11 17:20:37.439'),(2543,39,2,220,'2019-05-11 17:20:37.439'),(2544,39,3,4.15,'2019-05-11 17:20:37.439'),(2545,39,1,36.48,'2019-05-11 17:20:38.442'),(2546,39,2,220,'2019-05-11 17:20:38.442'),(2547,39,3,3.65,'2019-05-11 17:20:38.442'),(2548,39,1,45.75,'2019-05-11 17:20:39.437'),(2549,39,2,220,'2019-05-11 17:20:39.437'),(2550,39,3,4.58,'2019-05-11 17:20:39.437'),(2551,39,1,40.99,'2019-05-11 17:20:40.439'),(2552,39,2,220,'2019-05-11 17:20:40.439'),(2553,39,3,4.1,'2019-05-11 17:20:40.439'),(2554,39,1,44.81,'2019-05-11 17:20:41.441'),(2555,39,2,220,'2019-05-11 17:20:41.441'),(2556,39,3,4.48,'2019-05-11 17:20:41.441'),(2557,39,1,49.56,'2019-05-11 17:20:42.443'),(2558,39,2,220,'2019-05-11 17:20:42.443'),(2559,39,3,4.96,'2019-05-11 17:20:42.443'),(2560,39,1,41.87,'2019-05-11 17:20:43.447'),(2561,39,2,220,'2019-05-11 17:20:43.447'),(2562,39,3,4.19,'2019-05-11 17:20:43.447'),(2563,39,1,45.1,'2019-05-11 17:20:44.449'),(2564,39,2,220,'2019-05-11 17:20:44.449'),(2565,39,3,4.51,'2019-05-11 17:20:44.449'),(2566,39,1,51.78,'2019-05-11 17:20:45.453'),(2567,39,2,220,'2019-05-11 17:20:45.453'),(2568,39,3,5.18,'2019-05-11 17:20:45.453'),(2569,39,1,52.11,'2019-05-11 17:20:46.453'),(2570,39,2,220,'2019-05-11 17:20:46.453'),(2571,39,3,5.21,'2019-05-11 17:20:46.453'),(2572,39,1,47.05,'2019-05-11 17:20:47.459'),(2573,39,2,220,'2019-05-11 17:20:47.459'),(2574,39,3,4.71,'2019-05-11 17:20:47.459'),(2575,39,1,49.88,'2019-05-11 17:20:48.461'),(2576,39,2,220,'2019-05-11 17:20:48.461'),(2577,39,3,4.99,'2019-05-11 17:20:48.461'),(2578,39,1,46.77,'2019-05-11 17:20:49.463'),(2579,39,2,220,'2019-05-11 17:20:49.463'),(2580,39,3,4.68,'2019-05-11 17:20:49.463'),(2581,39,1,39.23,'2019-05-11 17:20:50.465'),(2582,39,2,220,'2019-05-11 17:20:50.465'),(2583,39,3,3.92,'2019-05-11 17:20:50.465'),(2584,39,1,38.04,'2019-05-11 17:20:51.467'),(2585,39,2,220,'2019-05-11 17:20:51.467'),(2586,39,3,3.8,'2019-05-11 17:20:51.467'),(2587,39,1,39.75,'2019-05-11 17:20:52.471'),(2588,39,2,220,'2019-05-11 17:20:52.471'),(2589,39,3,3.98,'2019-05-11 17:20:52.471'),(2590,39,1,37.39,'2019-05-11 17:20:53.467'),(2591,39,2,220,'2019-05-11 17:20:53.467'),(2592,39,3,3.74,'2019-05-11 17:20:53.467'),(2593,39,1,36.25,'2019-05-11 17:20:54.471'),(2594,39,2,220,'2019-05-11 17:20:54.471'),(2595,39,3,3.62,'2019-05-11 17:20:54.471'),(2596,39,1,36.78,'2019-05-11 17:20:55.473'),(2597,39,2,220,'2019-05-11 17:20:55.473'),(2598,39,3,3.68,'2019-05-11 17:20:55.473'),(2599,39,1,45.27,'2019-05-11 17:20:56.479'),(2600,39,2,220,'2019-05-11 17:20:56.479'),(2601,39,3,4.53,'2019-05-11 17:20:56.479'),(2602,39,1,38.73,'2019-05-11 17:20:57.484'),(2603,39,2,220,'2019-05-11 17:20:57.484'),(2604,39,3,3.87,'2019-05-11 17:20:57.484'),(2605,39,1,35.28,'2019-05-11 17:20:58.489'),(2606,39,2,220,'2019-05-11 17:20:58.489'),(2607,39,3,3.53,'2019-05-11 17:20:58.489'),(2608,39,1,42.27,'2019-05-11 17:20:59.491'),(2609,39,2,220,'2019-05-11 17:20:59.491'),(2610,39,3,4.23,'2019-05-11 17:20:59.491'),(2611,39,1,44.01,'2019-05-11 17:21:00.493'),(2612,39,2,220,'2019-05-11 17:21:00.493'),(2613,39,3,4.4,'2019-05-11 17:21:00.493'),(2614,39,1,33.92,'2019-05-11 17:21:01.489'),(2615,39,2,220,'2019-05-11 17:21:01.489'),(2616,39,3,3.39,'2019-05-11 17:21:01.489'),(2617,39,1,47.56,'2019-05-11 17:21:02.487'),(2618,39,2,220,'2019-05-11 17:21:02.487'),(2619,39,3,4.76,'2019-05-11 17:21:02.487'),(2620,39,1,38.85,'2019-05-11 17:21:03.491'),(2621,39,2,220,'2019-05-11 17:21:03.491'),(2622,39,3,3.89,'2019-05-11 17:21:03.491'),(2623,39,1,48.6,'2019-05-11 17:21:04.498'),(2624,39,2,220,'2019-05-11 17:21:04.498'),(2625,39,3,4.86,'2019-05-11 17:21:04.498'),(2626,39,1,44.24,'2019-05-11 17:21:05.496'),(2627,39,2,220,'2019-05-11 17:21:05.496'),(2628,39,3,4.42,'2019-05-11 17:21:05.496'),(2629,39,1,40.76,'2019-05-11 17:21:06.487'),(2630,39,2,220,'2019-05-11 17:21:06.487'),(2631,39,3,4.08,'2019-05-11 17:21:06.487'),(2632,39,1,34.12,'2019-05-11 17:21:07.491'),(2633,39,2,220,'2019-05-11 17:21:07.491'),(2634,39,3,3.41,'2019-05-11 17:21:07.491'),(2635,39,1,34.04,'2019-05-11 17:21:08.495'),(2636,39,2,220,'2019-05-11 17:21:08.495'),(2637,39,3,3.4,'2019-05-11 17:21:08.495'),(2638,39,1,33.75,'2019-05-11 17:21:09.501'),(2639,39,2,220,'2019-05-11 17:21:09.501'),(2640,39,3,3.38,'2019-05-11 17:21:09.501'),(2641,39,1,31.61,'2019-05-11 17:21:10.510'),(2642,39,2,220,'2019-05-11 17:21:10.510'),(2643,39,3,3.16,'2019-05-11 17:21:10.510'),(2644,39,1,44.96,'2019-05-11 17:21:11.505'),(2645,39,2,220,'2019-05-11 17:21:11.505'),(2646,39,3,4.5,'2019-05-11 17:21:11.505'),(2647,39,1,35.59,'2019-05-11 17:21:12.507'),(2648,39,2,220,'2019-05-11 17:21:12.507'),(2649,39,3,3.56,'2019-05-11 17:21:12.507'),(2650,39,1,36.23,'2019-05-11 17:21:13.505'),(2651,39,2,220,'2019-05-11 17:21:13.505'),(2652,39,3,3.62,'2019-05-11 17:21:13.505'),(2653,39,1,32.8,'2019-05-11 17:21:14.509'),(2654,39,2,220,'2019-05-11 17:21:14.509'),(2655,39,3,3.28,'2019-05-11 17:21:14.509'),(2656,39,1,41.22,'2019-05-11 17:21:15.513'),(2657,39,2,220,'2019-05-11 17:21:15.513'),(2658,39,3,4.12,'2019-05-11 17:21:15.513'),(2659,39,1,41.45,'2019-05-11 17:21:16.519'),(2660,39,2,220,'2019-05-11 17:21:16.519'),(2661,39,3,4.15,'2019-05-11 17:21:16.519'),(2662,39,1,39.7,'2019-05-11 17:21:17.517'),(2663,39,2,220,'2019-05-11 17:21:17.517'),(2664,39,3,3.97,'2019-05-11 17:21:17.517'),(2665,39,1,33.95,'2019-05-11 17:21:18.520'),(2666,39,2,220,'2019-05-11 17:21:18.520'),(2667,39,3,3.4,'2019-05-11 17:21:18.520'),(2668,39,1,37.65,'2019-05-11 17:21:19.516'),(2669,39,2,220,'2019-05-11 17:21:19.516'),(2670,39,3,3.76,'2019-05-11 17:21:19.516'),(2671,39,1,33.62,'2019-05-11 17:21:20.523'),(2672,39,2,220,'2019-05-11 17:21:20.523'),(2673,39,3,3.36,'2019-05-11 17:21:20.523'),(2674,39,1,40.28,'2019-05-11 17:21:21.527'),(2675,39,2,220,'2019-05-11 17:21:21.527'),(2676,39,3,4.03,'2019-05-11 17:21:21.527'),(2677,39,1,39.17,'2019-05-11 17:21:22.521'),(2678,39,2,220,'2019-05-11 17:21:22.521'),(2679,39,3,3.92,'2019-05-11 17:21:22.521'),(2680,39,1,40.89,'2019-05-11 17:21:23.523'),(2681,39,2,220,'2019-05-11 17:21:23.523'),(2682,39,3,4.09,'2019-05-11 17:21:23.523'),(2683,39,1,33.73,'2019-05-11 17:21:24.521'),(2684,39,2,220,'2019-05-11 17:21:24.521'),(2685,39,3,3.37,'2019-05-11 17:21:24.521'),(2686,39,1,40.14,'2019-05-11 17:21:25.523'),(2687,39,2,220,'2019-05-11 17:21:25.523'),(2688,39,3,4.01,'2019-05-11 17:21:25.523'),(2689,39,1,40.96,'2019-05-11 17:21:26.525'),(2690,39,2,220,'2019-05-11 17:21:26.525'),(2691,39,3,4.1,'2019-05-11 17:21:26.525'),(2692,39,1,42.86,'2019-05-11 17:21:27.523'),(2693,39,2,220,'2019-05-11 17:21:27.523'),(2694,39,3,4.29,'2019-05-11 17:21:27.523'),(2695,39,1,37.46,'2019-05-11 17:21:28.521'),(2696,39,2,220,'2019-05-11 17:21:28.521'),(2697,39,3,3.75,'2019-05-11 17:21:28.521'),(2698,39,1,42.28,'2019-05-11 17:21:29.525'),(2699,39,2,220,'2019-05-11 17:21:29.525'),(2700,39,3,4.23,'2019-05-11 17:21:29.525'),(2701,39,1,39.6,'2019-05-11 17:21:30.527'),(2702,39,2,220,'2019-05-11 17:21:30.527'),(2703,39,3,3.96,'2019-05-11 17:21:30.527'),(2704,39,1,37.49,'2019-05-11 17:21:31.531'),(2705,39,2,220,'2019-05-11 17:21:31.531'),(2706,39,3,3.75,'2019-05-11 17:21:31.531'),(2707,39,1,40.48,'2019-05-11 17:21:32.535'),(2708,39,2,220,'2019-05-11 17:21:32.535'),(2709,39,3,4.05,'2019-05-11 17:21:32.535'),(2710,39,1,31.72,'2019-05-11 17:21:33.531'),(2711,39,2,220,'2019-05-11 17:21:33.531'),(2712,39,3,3.17,'2019-05-11 17:21:33.531'),(2713,39,1,33.5,'2019-05-11 17:21:34.531'),(2714,39,2,220,'2019-05-11 17:21:34.531'),(2715,39,3,3.35,'2019-05-11 17:21:34.531'),(2716,39,1,32.73,'2019-05-11 17:21:35.535'),(2717,39,2,220,'2019-05-11 17:21:35.535'),(2718,39,3,3.27,'2019-05-11 17:21:35.535'),(2719,39,1,31.73,'2019-05-11 17:21:36.531'),(2720,39,2,220,'2019-05-11 17:21:36.531'),(2721,39,3,3.17,'2019-05-11 17:21:36.531'),(2722,39,1,36.11,'2019-05-11 17:21:37.533'),(2723,39,2,220,'2019-05-11 17:21:37.533'),(2724,39,3,3.61,'2019-05-11 17:21:37.533'),(2725,39,1,29.83,'2019-05-11 17:21:38.537'),(2726,39,2,220,'2019-05-11 17:21:38.537'),(2727,39,3,2.98,'2019-05-11 17:21:38.537'),(2728,39,1,29.56,'2019-05-11 17:21:39.543'),(2729,39,2,220,'2019-05-11 17:21:39.543'),(2730,39,3,2.96,'2019-05-11 17:21:39.543'),(2731,39,1,38,'2019-05-11 17:21:40.537'),(2732,39,2,220,'2019-05-11 17:21:40.537'),(2733,39,3,3.8,'2019-05-11 17:21:40.537'),(2734,39,1,37.13,'2019-05-11 17:21:41.540'),(2735,39,2,220,'2019-05-11 17:21:41.540'),(2736,39,3,3.71,'2019-05-11 17:21:41.540'),(2737,39,1,28.06,'2019-05-11 17:21:42.541'),(2738,39,2,220,'2019-05-11 17:21:42.541'),(2739,39,3,2.81,'2019-05-11 17:21:42.541'),(2740,39,1,28.41,'2019-05-11 17:21:43.546'),(2741,39,2,220,'2019-05-11 17:21:43.546'),(2742,39,3,2.84,'2019-05-11 17:21:43.546'),(2743,39,1,37.84,'2019-05-11 17:21:44.544'),(2744,39,2,220,'2019-05-11 17:21:44.544'),(2745,39,3,3.78,'2019-05-11 17:21:44.544'),(2746,39,1,27.24,'2019-05-11 17:21:45.547'),(2747,39,2,220,'2019-05-11 17:21:45.547'),(2748,39,3,2.72,'2019-05-11 17:21:45.547'),(2749,39,1,34.11,'2019-05-11 17:21:46.553'),(2750,39,2,220,'2019-05-11 17:21:46.553'),(2751,39,3,3.41,'2019-05-11 17:21:46.553'),(2752,39,1,34.64,'2019-05-11 17:21:47.551'),(2753,39,2,220,'2019-05-11 17:21:47.551'),(2754,39,3,3.46,'2019-05-11 17:21:47.551'),(2755,39,1,36.48,'2019-05-11 17:21:48.556'),(2756,39,2,220,'2019-05-11 17:21:48.556'),(2757,39,3,3.65,'2019-05-11 17:21:48.556'),(2758,39,1,32.87,'2019-05-11 17:21:49.555'),(2759,39,2,220,'2019-05-11 17:21:49.555'),(2760,39,3,3.29,'2019-05-11 17:21:49.555'),(2761,39,1,28.64,'2019-05-11 17:21:50.561'),(2762,39,2,220,'2019-05-11 17:21:50.561'),(2763,39,3,2.86,'2019-05-11 17:21:50.561'),(2764,39,1,30.3,'2019-05-11 17:21:51.563'),(2765,39,2,220,'2019-05-11 17:21:51.563'),(2766,39,3,3.03,'2019-05-11 17:21:51.563'),(2767,39,1,24.05,'2019-05-11 17:21:52.569'),(2768,39,2,220,'2019-05-11 17:21:52.569'),(2769,39,3,2.41,'2019-05-11 17:21:52.569'),(2770,39,1,35.27,'2019-05-11 17:21:53.573'),(2771,39,2,220,'2019-05-11 17:21:53.573'),(2772,39,3,3.53,'2019-05-11 17:21:53.573'),(2773,39,1,34.97,'2019-05-11 17:21:54.577'),(2774,39,2,220,'2019-05-11 17:21:54.577'),(2775,39,3,3.5,'2019-05-11 17:21:54.577'),(2776,39,1,24.83,'2019-05-11 17:21:55.572'),(2777,39,2,220,'2019-05-11 17:21:55.572'),(2778,39,3,2.48,'2019-05-11 17:21:55.572'),(2779,39,1,29.89,'2019-05-11 17:21:56.575'),(2780,39,2,220,'2019-05-11 17:21:56.575'),(2781,39,3,2.99,'2019-05-11 17:21:56.575'),(2782,39,1,27.51,'2019-05-11 17:21:57.575'),(2783,39,2,220,'2019-05-11 17:21:57.575'),(2784,39,3,2.75,'2019-05-11 17:21:57.575'),(2785,39,1,28.65,'2019-05-11 17:21:58.581'),(2786,39,2,220,'2019-05-11 17:21:58.581'),(2787,39,3,2.86,'2019-05-11 17:21:58.581'),(2788,39,1,24.92,'2019-05-11 17:21:59.583'),(2789,39,2,220,'2019-05-11 17:21:59.583'),(2790,39,3,2.49,'2019-05-11 17:21:59.583'),(2791,39,1,23.14,'2019-05-11 17:22:00.591'),(2792,39,2,220,'2019-05-11 17:22:00.591'),(2793,39,3,2.31,'2019-05-11 17:22:00.591'),(2794,39,1,26.95,'2019-05-11 17:22:01.590'),(2795,39,2,220,'2019-05-11 17:22:01.590'),(2796,39,3,2.69,'2019-05-11 17:22:01.590'),(2797,39,1,23.09,'2019-05-11 17:22:02.598'),(2798,39,2,220,'2019-05-11 17:22:02.598'),(2799,39,3,2.31,'2019-05-11 17:22:02.598'),(2800,39,1,26.78,'2019-05-11 17:22:03.708'),(2801,39,2,220,'2019-05-11 17:22:03.708'),(2802,39,3,2.68,'2019-05-11 17:22:03.708'),(2803,39,1,28.48,'2019-05-11 17:22:04.588'),(2804,39,2,220,'2019-05-11 17:22:04.588'),(2805,39,3,2.85,'2019-05-11 17:22:04.588'),(2806,39,1,30.36,'2019-05-11 17:22:05.589'),(2807,39,2,220,'2019-05-11 17:22:05.589'),(2808,39,3,3.04,'2019-05-11 17:22:05.589'),(2809,39,1,27.75,'2019-05-11 17:22:06.589'),(2810,39,2,220,'2019-05-11 17:22:06.589'),(2811,39,3,2.77,'2019-05-11 17:22:06.589'),(2812,39,1,25.21,'2019-05-11 17:22:07.585'),(2813,39,2,220,'2019-05-11 17:22:07.585'),(2814,39,3,2.52,'2019-05-11 17:22:07.585');
/*!40000 ALTER TABLE `data` ENABLE KEYS */;
UNLOCK TABLES;

--
-- Table structure for table `measure`
--

DROP TABLE IF EXISTS `measure`;
/*!40101 SET @saved_cs_client     = @@character_set_client */;
/*!40101 SET character_set_client = utf8 */;
CREATE TABLE `measure` (
  `id` int(10) unsigned NOT NULL AUTO_INCREMENT,
  `sensor_id` int(10) unsigned NOT NULL,
  `name` varchar(255) NOT NULL,
  `unit` varchar(255) NOT NULL,
  `created_at` timestamp NULL DEFAULT NULL,
  `updated_at` timestamp NULL DEFAULT NULL,
  PRIMARY KEY (`id`),
  KEY `measure_sensor_id_foreign` (`sensor_id`),
  CONSTRAINT `measure_sensor_id_foreign` FOREIGN KEY (`sensor_id`) REFERENCES `sensor` (`id`)
) ENGINE=InnoDB AUTO_INCREMENT=4 DEFAULT CHARSET=utf8;
/*!40101 SET character_set_client = @saved_cs_client */;

--
-- Dumping data for table `measure`
--

LOCK TABLES `measure` WRITE;
/*!40000 ALTER TABLE `measure` DISABLE KEYS */;
INSERT INTO `measure` VALUES (1,1,'speed','km/h','2019-05-01 15:20:13','2019-05-01 15:20:13'),(2,2,'voltage','V','2019-05-01 15:20:32','2019-05-01 15:20:32'),(3,3,'intensity','A','2019-05-01 15:20:45','2019-05-01 15:20:45');
/*!40000 ALTER TABLE `measure` ENABLE KEYS */;
UNLOCK TABLES;

--
-- Table structure for table `migrations`
--

DROP TABLE IF EXISTS `migrations`;
/*!40101 SET @saved_cs_client     = @@character_set_client */;
/*!40101 SET character_set_client = utf8 */;
CREATE TABLE `migrations` (
  `id` int(10) unsigned NOT NULL AUTO_INCREMENT,
  `migration` varchar(255) NOT NULL,
  `batch` int(11) NOT NULL,
  PRIMARY KEY (`id`)
) ENGINE=InnoDB DEFAULT CHARSET=utf8;
/*!40101 SET character_set_client = @saved_cs_client */;

--
-- Dumping data for table `migrations`
--

LOCK TABLES `migrations` WRITE;
/*!40000 ALTER TABLE `migrations` DISABLE KEYS */;
/*!40000 ALTER TABLE `migrations` ENABLE KEYS */;
UNLOCK TABLES;

--
-- Table structure for table `password_resets`
--

DROP TABLE IF EXISTS `password_resets`;
/*!40101 SET @saved_cs_client     = @@character_set_client */;
/*!40101 SET character_set_client = utf8 */;
CREATE TABLE `password_resets` (
  `email` varchar(255) NOT NULL,
  `token` varchar(255) NOT NULL,
  `created_at` timestamp NULL DEFAULT NULL,
  KEY `password_resets_email_index` (`email`)
) ENGINE=InnoDB DEFAULT CHARSET=utf8;
/*!40101 SET character_set_client = @saved_cs_client */;

--
-- Dumping data for table `password_resets`
--

LOCK TABLES `password_resets` WRITE;
/*!40000 ALTER TABLE `password_resets` DISABLE KEYS */;
/*!40000 ALTER TABLE `password_resets` ENABLE KEYS */;
UNLOCK TABLES;

--
-- Table structure for table `ride`
--

DROP TABLE IF EXISTS `ride`;
/*!40101 SET @saved_cs_client     = @@character_set_client */;
/*!40101 SET character_set_client = utf8 */;
CREATE TABLE `ride` (
  `id` int(10) unsigned NOT NULL AUTO_INCREMENT,
  `user_id` int(10) unsigned NOT NULL,
  `vehicle_id` int(10) unsigned NOT NULL,
  `start_reservation` datetime DEFAULT NULL,
  `end_reservation` datetime DEFAULT NULL,
  `start_date` datetime DEFAULT NULL,
  `end_date` datetime DEFAULT NULL,
  `created_at` timestamp NULL DEFAULT NULL,
  `updated_at` timestamp NULL DEFAULT NULL,
  PRIMARY KEY (`id`),
  KEY `ride_user_id_foreign` (`user_id`),
  KEY `ride_vehicle_id_foreign` (`vehicle_id`),
  CONSTRAINT `ride_user_id_foreign` FOREIGN KEY (`user_id`) REFERENCES `users` (`id`),
  CONSTRAINT `ride_vehicle_id_foreign` FOREIGN KEY (`vehicle_id`) REFERENCES `vehicle` (`id`)
) ENGINE=InnoDB AUTO_INCREMENT=40 DEFAULT CHARSET=utf8;
/*!40101 SET character_set_client = @saved_cs_client */;

--
-- Dumping data for table `ride`
--

LOCK TABLES `ride` WRITE;
/*!40000 ALTER TABLE `ride` DISABLE KEYS */;
INSERT INTO `ride` VALUES (6,3,1,'2019-05-01 18:00:00','2019-05-01 20:00:00','2019-05-01 19:52:40','2019-05-01 19:53:38','2019-05-01 14:31:23','2019-05-01 14:31:23'),(7,3,1,'2019-05-01 20:30:00','2019-05-01 22:00:00','2019-05-01 21:30:04','2019-05-01 22:30:12','2019-05-01 16:58:25','2019-05-01 16:58:25'),(8,3,1,'2019-05-01 23:00:00','2019-05-01 23:59:59','2019-05-01 23:58:55',NULL,'2019-05-01 19:43:54','2019-05-01 19:43:54'),(9,3,1,'2019-05-02 00:00:00','2019-05-02 00:59:59','2019-05-02 00:35:22','2019-05-02 00:38:24','2019-05-01 20:01:14','2019-05-01 20:01:14'),(10,3,1,'2019-05-02 15:00:00','2019-05-02 15:59:59',NULL,NULL,'2019-05-02 10:41:17','2019-05-02 10:41:17'),(11,3,1,'2019-05-02 16:00:00','2019-05-02 16:59:59',NULL,NULL,'2019-05-02 10:50:40','2019-05-02 10:50:40'),(12,3,1,'2019-05-04 17:00:00','2019-05-04 18:59:59',NULL,NULL,'2019-05-02 12:09:54','2019-05-04 16:08:07'),(13,3,1,'2019-05-06 16:00:00','2019-05-06 17:59:59',NULL,NULL,'2019-05-02 12:23:02','2019-05-04 16:24:49'),(14,3,1,'2019-05-06 18:00:00','2019-05-06 18:59:59',NULL,NULL,'2019-05-02 13:48:39','2019-05-02 13:48:39'),(15,3,1,'2019-05-06 19:00:00','2019-05-06 19:59:59',NULL,NULL,'2019-05-02 13:49:36','2019-05-02 13:49:36'),(16,3,1,'2019-05-06 20:00:00','2019-05-06 20:59:59',NULL,NULL,'2019-05-02 13:52:23','2019-05-02 13:52:23'),(18,3,1,'2019-05-02 18:00:01','2019-05-02 20:00:00',NULL,NULL,'2019-05-02 14:02:39','2019-05-02 14:02:39'),(19,3,1,'2019-05-29 21:00:01','2019-05-29 22:00:01',NULL,NULL,'2019-05-02 14:12:15','2019-05-02 14:12:15'),(20,3,1,'2019-05-30 21:00:01','2019-05-30 22:00:01',NULL,NULL,'2019-05-02 14:12:54','2019-05-02 14:12:54'),(21,3,1,'2019-05-31 21:00:01','2019-05-31 22:00:01',NULL,NULL,'2019-05-02 14:14:48','2019-05-02 14:14:48'),(22,3,1,'2019-06-01 21:00:01','2019-06-01 22:00:01',NULL,NULL,'2019-05-02 14:17:38','2019-05-02 14:17:38'),(23,3,1,'2019-06-02 21:00:01','2019-06-02 22:00:01',NULL,NULL,'2019-05-02 14:18:35','2019-05-02 14:18:35'),(25,3,1,'2019-06-04 21:00:01','2019-06-04 22:00:01',NULL,NULL,'2019-05-02 14:23:25','2019-05-02 14:23:25'),(31,5,1,'2019-05-03 22:00:00','2019-05-03 22:59:59',NULL,NULL,'2019-05-03 17:33:37','2019-05-03 17:33:37'),(33,3,1,'2019-05-04 23:30:00','2019-05-04 23:59:59',NULL,NULL,'2019-05-03 19:27:25','2019-05-03 20:08:42'),(34,3,1,'2019-05-04 22:00:00','2019-05-04 22:59:59',NULL,NULL,'2019-05-04 17:06:20','2019-05-04 17:06:20'),(35,3,1,'2019-05-05 23:41:00','2019-05-05 23:59:59','2019-05-05 23:47:16',NULL,'2019-05-05 21:39:54','2019-05-05 21:40:08'),(36,3,1,'2019-05-07 00:10:00','2019-05-07 00:59:59',NULL,NULL,'2019-05-06 22:07:28','2019-05-06 22:07:28'),(37,3,1,'2019-05-07 23:59:59','2019-05-09 23:59:59','2019-05-09 19:47:55','2019-05-09 20:17:06','2019-05-07 21:57:02','2019-05-07 21:57:02'),(38,3,1,'2019-05-11 18:15:00','2019-05-11 18:30:00','2019-05-11 18:19:17',NULL,'2019-05-11 16:10:21','2019-05-11 16:10:21'),(39,3,1,'2019-05-11 19:00:00','2019-05-11 20:00:00','2019-05-11 19:06:29','2019-05-11 19:22:03','2019-05-11 16:54:48','2019-05-11 16:54:48');
/*!40000 ALTER TABLE `ride` ENABLE KEYS */;
UNLOCK TABLES;

--
-- Table structure for table `sensor`
--

DROP TABLE IF EXISTS `sensor`;
/*!40101 SET @saved_cs_client     = @@character_set_client */;
/*!40101 SET character_set_client = utf8 */;
CREATE TABLE `sensor` (
  `id` int(10) unsigned NOT NULL AUTO_INCREMENT,
  `name` varchar(255) NOT NULL,
  `created_at` timestamp NULL DEFAULT NULL,
  `updated_at` timestamp NULL DEFAULT NULL,
  PRIMARY KEY (`id`)
) ENGINE=InnoDB AUTO_INCREMENT=4 DEFAULT CHARSET=utf8;
/*!40101 SET character_set_client = @saved_cs_client */;

--
-- Dumping data for table `sensor`
--

LOCK TABLES `sensor` WRITE;
/*!40000 ALTER TABLE `sensor` DISABLE KEYS */;
INSERT INTO `sensor` VALUES (1,'GPS','2019-05-01 15:18:23','2019-05-01 15:18:23'),(2,'voltage','2019-05-01 15:18:45','2019-05-01 15:18:45'),(3,'intensity','2019-05-01 15:19:00','2019-05-01 15:19:00');
/*!40000 ALTER TABLE `sensor` ENABLE KEYS */;
UNLOCK TABLES;

--
-- Table structure for table `users`
--

DROP TABLE IF EXISTS `users`;
/*!40101 SET @saved_cs_client     = @@character_set_client */;
/*!40101 SET character_set_client = utf8 */;
CREATE TABLE `users` (
  `id` int(10) unsigned NOT NULL AUTO_INCREMENT,
  `nickname` varchar(255) NOT NULL,
  `email` varchar(255) NOT NULL,
  `email_verified_at` timestamp NULL DEFAULT NULL,
  `password` varchar(255) NOT NULL,
  `badgeId` varchar(255) NOT NULL,
  `remember_token` varchar(100) DEFAULT NULL,
  `created_at` timestamp NULL DEFAULT NULL,
  `updated_at` timestamp NULL DEFAULT NULL,
  PRIMARY KEY (`id`),
  UNIQUE KEY `users_badgeid_unique` (`badgeId`),
  UNIQUE KEY `users_email_unique` (`email`)
) ENGINE=InnoDB AUTO_INCREMENT=6 DEFAULT CHARSET=utf8;
/*!40101 SET character_set_client = @saved_cs_client */;

--
-- Dumping data for table `users`
--

LOCK TABLES `users` WRITE;
/*!40000 ALTER TABLE `users` DISABLE KEYS */;
INSERT INTO `users` VALUES (3,'aauffr20','a.y.auffret@gmail.com','2019-05-01 13:03:07','$2y$10$0vQMrJFw28y/58qIY.Q1PuT6LtUKD5x.GmjanA3Ki.Ye3q3p5UuQa','003173','DxjAX910As7ty0TOZwXD5cINxcNfLd4rfA9LfQWOAqtLBSK10wMW0IlEenS7','2019-05-01 13:02:51','2019-05-01 13:03:07'),(5,'Ant2424','aauffr20@gmail.com','2019-05-03 17:32:33','$2y$10$KG.wsJBpci2dUia90YtTaOBIulekLt6Cubk6Fy04b1LrMPgtyGx2W','000000','6YkN0d2BDcyReOn5Ecfe56VcSLQ6ztczjgnfZXEo0rBC3ccOXwiS6meXAAG2','2019-05-03 17:31:24','2019-05-03 17:32:33');
/*!40000 ALTER TABLE `users` ENABLE KEYS */;
UNLOCK TABLES;

--
-- Table structure for table `vehicle`
--

DROP TABLE IF EXISTS `vehicle`;
/*!40101 SET @saved_cs_client     = @@character_set_client */;
/*!40101 SET character_set_client = utf8 */;
CREATE TABLE `vehicle` (
  `id` int(10) unsigned NOT NULL AUTO_INCREMENT,
  `brand` varchar(255) NOT NULL,
  `model` varchar(255) NOT NULL,
  `type` varchar(255) NOT NULL,
  `numberPlate` varchar(255) NOT NULL,
  `created_at` timestamp NULL DEFAULT NULL,
  `updated_at` timestamp NULL DEFAULT NULL,
  PRIMARY KEY (`id`),
  UNIQUE KEY `vehicle_numberplate_unique` (`numberPlate`)
) ENGINE=InnoDB AUTO_INCREMENT=2 DEFAULT CHARSET=utf8;
/*!40101 SET character_set_client = @saved_cs_client */;

--
-- Dumping data for table `vehicle`
--

LOCK TABLES `vehicle` WRITE;
/*!40000 ALTER TABLE `vehicle` DISABLE KEYS */;
INSERT INTO `vehicle` VALUES (1,'pixel','cube','electric','BC-386-JQ','2019-05-01 15:10:58','2019-05-01 15:10:58');
/*!40000 ALTER TABLE `vehicle` ENABLE KEYS */;
UNLOCK TABLES;
/*!40103 SET TIME_ZONE=@OLD_TIME_ZONE */;

/*!40101 SET SQL_MODE=@OLD_SQL_MODE */;
/*!40014 SET FOREIGN_KEY_CHECKS=@OLD_FOREIGN_KEY_CHECKS */;
/*!40014 SET UNIQUE_CHECKS=@OLD_UNIQUE_CHECKS */;
/*!40101 SET CHARACTER_SET_CLIENT=@OLD_CHARACTER_SET_CLIENT */;
/*!40101 SET CHARACTER_SET_RESULTS=@OLD_CHARACTER_SET_RESULTS */;
/*!40101 SET COLLATION_CONNECTION=@OLD_COLLATION_CONNECTION */;
/*!40111 SET SQL_NOTES=@OLD_SQL_NOTES */;

-- Dump completed on 2019-05-11 20:29:24
